pollId,name,Y,X,stfp
0101000020E6100000022B8716D91E56C03BDF4F8D97FE4040,2 AMORY SECOND,33.989,-88.482,28
0101000020E6100000022B8716D91E56C03BDF4F8D97FE4040,OLD NATIONAL GUARD ARMORY,33.989,-88.482,28
0101000020E6100000022B8716D98656C0FCA9F1D24D424040,ST JOE CATHOLIC,32.518,-90.107,28
0101000020E6100000022B8716D98656C0FCA9F1D24D424040,GLUCKSTADT @ ST JOE CATHOLIC,32.518,-90.107,28
0101000020E6100000022B8716D9DE56C02FDD240681654640,TRINITY LUTHERAN CHURCH-2013,44.793,-91.482,55
0101000020E6100000022B8716D9DE56C02FDD240681654640,TRINITY LUTHERAN CHURCH,44.793,-91.482,55
0101000020E610000004560E2DB21D55C06ABC749318044140,TIM D. LEE SENIOR CENTER-PP01,34.032,-84.464,13
0101000020E610000004560E2DB21D55C06ABC749318044140,THE ART PLACE-PP01,34.032,-84.464,13
0101000020E610000004560E2DB24556C0F4FDD478E9663E40,GOOD DEEDS COMMUNITY CENTER,30.402,-89.089,28
0101000020E610000004560E2DB24556C0F4FDD478E9663E40,GOOD DEEDS COMMUNITY,30.402,-89.089,28
0101000020E610000004560E2DB26D56C004560E2DB25D4040,OFAHOMA,32.732,-89.714,28
0101000020E610000004560E2DB26D56C004560E2DB25D4040,OFAHOMA FIRE DEPARTMENT,32.732,-89.714,28
0101000020E6100000068195438B0C57C08716D9CEF7534740,VILLAGE HALL,46.656,-92.196,55
0101000020E6100000068195438B0C57C08716D9CEF7534740,OLIVER VILLAGE HALL,46.656,-92.196,55
0101000020E6100000068195438B9C56C0AE47E17A148E3F40,OLD BROOK,31.555,-90.446,28
0101000020E6100000068195438B9C56C0AE47E17A148E3F40,BROOKHAVEN EQUIPMENT BUILDING,31.555,-90.446,28
0101000020E610000008AC1C5A640356C06891ED7C3F854540,UNDERWOOD SCHOOL,43.041,-88.053,55
0101000020E610000008AC1C5A640356C06891ED7C3F854540,UNDERWOOD ELEMENTARY SCHOOL,43.041,-88.053,55
0101000020E610000008AC1C5A645356C008AC1C5A648B4540,NEW BEGINNINGS CHURCH,43.089,-89.303,55
0101000020E610000008AC1C5A645356C008AC1C5A648B4540,NEW BEGINNINGS ALLIANCE CHURCH,43.089,-89.303,55
0101000020E610000008AC1C5A645356C06ABC749318643F40,GLENDALE,31.391,-89.303,28
0101000020E610000008AC1C5A645356C06ABC749318643F40,GLENDALE COMMUNITY CENTER,31.391,-89.303,28
0101000020E61000000AD7A3703D2256C0FCA9F1D24D324140,RATLIFF,34.393,-88.535,28
0101000020E61000000AD7A3703D2256C0FCA9F1D24D324140,RATLIFF RCDC BUILDING,34.393,-88.535,28
0101000020E61000000AD7A3703DEA55C0EC51B81E850B4640,PUBLIC SAFETY BUILDING-D. 3,44.09,-87.66,55
0101000020E61000000AD7A3703DEA55C0EC51B81E850B4640,MANITOWOC PUBLIC SAFETY BUILDING,44.09,-87.66,55
0101000020E61000000C022B87164956C06891ED7C3FB53E40,MCHENRY LIBRARY NORTH,30.708,-89.142,28
0101000020E61000000C022B87164956C06891ED7C3FB53E40,MCHENRY PUBLIC LIBRARY,30.708,-89.142,28
0101000020E61000000C022B87165156C0355EBA490C924540,TOWN HALL,43.141,-89.267,55
0101000020E61000000C022B87165156C0355EBA490C924540,BURKE TOWN HALL,43.141,-89.267,55
0101000020E61000000C022B87165956C0E3A59BC420503E40,BAY ST. LOUIS FIRE STATION #2,30.313,-89.392,28
0101000020E61000000C022B87165956C0E3A59BC420503E40,EDWARDSVILLE,30.313,-89.392,28
0101000020E61000000C022B8716D154C08716D9CEF7D33E40,PR 06 MILDRED,30.828,-83.267,13
0101000020E61000000C022B8716D154C08716D9CEF7D33E40,MILDRED,30.828,-83.267,13
0101000020E61000000E2DB29DEF0F55C0C976BE9F1A9F4040,SPALDING COUNTY SENIOR CENTER,33.243,-84.249,13
0101000020E61000000E2DB29DEF0F55C0C976BE9F1A9F4040,GRIFFIN-SPALDING ATHLETIC HALL OF FAME,33.243,-84.249,13
0101000020E6100000105839B4C85656C0DBF97E6ABC543F40,WESLEY MANOR RETIREMENT,31.331,-89.356,28
0101000020E6100000105839B4C85656C0DBF97E6ABC543F40,WESLEY MANOR RETIREMENT CENTER,31.331,-89.356,28
0101000020E61000001283C0CAA10556C0736891ED7C7F4540,HICKORY GROVE SCHOOL,42.996,-88.088,55
0101000020E61000001283C0CAA10556C0736891ED7C7F4540,NEW BERLIN HICKORY GROVE CENTER,42.996,-88.088,55
0101000020E61000001283C0CAA13556C0F4FDD478E9764540,MUNICIPAL BUILDING,42.929,-88.838,55
0101000020E61000001283C0CAA13556C0F4FDD478E9764540,FORT ATKINSON MUNICIPAL BUILDING,42.929,-88.838,55
0101000020E610000014AE47E17A9C56C014AE47E17A943F40,CITY HALL,31.58,-90.445,28
0101000020E610000014AE47E17A9C56C014AE47E17A943F40,LINCOLN COUNTY PUBLIC LIBRARY,31.58,-90.445,28
0101000020E610000017D9CEF7535356C0A69BC420B0523F40,CAMP SCHOOL,31.323,-89.302,28
0101000020E610000017D9CEF7535356C0A69BC420B0523F40,HATTIESBURG PUBLIC SCHOOL DISTRICT CENTRAL OFFICE,31.323,-89.302,28
0101000020E61000001904560E2D4256C0A01A2FDD24663E40,HARRISON COUNTY SAND BEACH AUTHORITY,30.399,-89.034,28
0101000020E61000001904560E2D4256C0A01A2FDD24663E40,HARRISON COUNTY SAND BEACH OFFICE,30.399,-89.034,28
0101000020E61000001B2FDD24061956C0BE9F1A2FDD644540,EAST TROY MUNICIPAL BUILDING,42.788,-88.391,55
0101000020E61000001B2FDD24061956C0BE9F1A2FDD644540,EAST TROY VILLAGE HALL,42.788,-88.391,55
0101000020E61000001B2FDD24064954C09A99999999F93F40,WINDSOR FOREST GOLDEN AGE CENTER,31.975,-81.141,13
0101000020E61000001B2FDD24064954C09A99999999F93F40,WINDSOR HALL,31.975,-81.141,13
0101000020E61000001B2FDD24067956C01904560E2D824540,BARNEVELD-BRIGHAM MUNICIP,43.017,-89.891,55
0101000020E61000001B2FDD24067956C01904560E2D824540,BARNEVELD MUNICIPAL BUILDING,43.017,-89.891,55
0101000020E61000001D5A643BDF8756C0068195438B3C4040,SUNNYBROOK RETIREMENT,32.473,-90.123,28
0101000020E61000001D5A643BDF8756C0068195438B3C4040,SUNNYBROOK RETIREMENT VILLAGE,32.473,-90.123,28
0101000020E61000001D5A643BDF8756C0C74B378941304040,NEW JERUSALEM BAPTIST CHURCH,32.377,-90.123,28
0101000020E61000001D5A643BDF8756C0C74B378941304040,NEW JERUSALEM BAPTIST,32.377,-90.123,28
0101000020E61000001F85EB51B8AE56C0713D0AD7A3F04040,CITY HALL,33.88,-90.73,28
0101000020E61000001F85EB51B8AE56C0713D0AD7A3F04040,MOUND BAYOU,33.88,-90.73,28
0101000020E61000001F85EB51B8AE56C0E7FBA9F1D2DD4040,FIRST CHURCH OF NAZARENE,33.733,-90.73,28
0101000020E61000001F85EB51B8AE56C0E7FBA9F1D2DD4040,WEST CENTRAL CLEVELAND,33.733,-90.73,28
0101000020E61000001F85EB51B8FE55C0A01A2FDD24864540,10-2012 MPS-ADMINISTRATION BUILDING,43.048,-87.98,55
0101000020E61000001F85EB51B8FE55C0A01A2FDD24864540,MILWAUKEE PUBLIC SCHOOLS ADMINISTRATION BUILDING,43.048,-87.98,55
0101000020E610000021B0726891FD55C06891ED7C3F854540,15-2012 STORY SCHOOL,43.041,-87.962,55
0101000020E610000021B0726891FD55C06891ED7C3F854540,STORY SCHOOL,43.041,-87.962,55
0101000020E610000021B0726891FD55C0CBA145B6F37D4540,11-2012 AUDUBON SCHOOL,42.984,-87.962,55
0101000020E610000021B0726891FD55C0CBA145B6F37D4540,AUDUBON SCHOOL,42.984,-87.962,55
0101000020E610000023DBF97E6A0456C05A643BDF4F8D4540,VILLAGE HALL BOARDROOM,43.104,-88.069,55
0101000020E610000023DBF97E6A0456C05A643BDF4F8D4540,BUTLER VILLAGE HALL,43.104,-88.069,55
0101000020E610000023DBF97E6A2C56C0F4FDD478E9863E40,CENTRAL JC COMMUNITY SAFE ROOM,30.527,-88.694,28
0101000020E610000023DBF97E6A2C56C0F4FDD478E9863E40,CENTRAL JACKSON COUNTY COMMUNITY SAFE ROOM,30.527,-88.694,28
0101000020E610000023DBF97E6AEC55C0E7FBA9F1D20D4640,FIRST REFORMED UNITED CHURCH OF CHRIST,44.108,-87.694,55
0101000020E610000023DBF97E6AEC55C0E7FBA9F1D20D4640,PEACE UNITED CHURCH OF CHRIST,44.108,-87.694,55
0101000020E610000025068195438356C091ED7C3F354E4040,GREATER MT LEVI FULL GOSPEL BAPTIST CHURCH,32.611,-90.051,28
0101000020E610000025068195438356C091ED7C3F354E4040,GREATER MT LEVI FULL GOSPEL,32.611,-90.051,28
0101000020E6100000295C8FC2F52856C0448B6CE7FBF94040,5 WILLIS,33.953,-88.64,28
0101000020E6100000295C8FC2F52856C0448B6CE7FBF94040,WREN FIRE DEPARTMENT #2,33.953,-88.64,28
0101000020E6100000295C8FC2F5F855C0105839B4C8464540,CATERPILLAR COLLEGE PRESCHOOL,42.553,-87.89,55
0101000020E6100000295C8FC2F5F855C0105839B4C8464540,PLEASANT PRAIRIE CATERPILLAR COLLEGE PRESCHOOL,42.553,-87.89,55
0101000020E61000002B8716D9CE1F56C021B07268911D4640,MUNICIPAL COMPLEX,44.231,-88.497,55
0101000020E61000002B8716D9CE1F56C021B07268911D4640,FOX CROSSING MUNICIPAL COMPLEX,44.231,-88.497,55
0101000020E61000002B8716D9CE3F56C06F1283C0CA214140,PRECINCT P1,34.264,-88.997,28
0101000020E61000002B8716D9CE3F56C06F1283C0CA214140,MAPLE DRIVE PRESBYTERIAN CHURCH,34.264,-88.997,28
0101000020E61000002B8716D9CE7F56C08716D9CEF7334040,THE WAY,32.406,-89.997,28
0101000020E61000002B8716D9CE7F56C08716D9CEF7334040,THE CHURCH AT NORTHSHORE,32.406,-89.997,28
0101000020E61000002B8716D9CEFF55C0E7FBA9F1D28D4540,02-2012 LANCASTER SCHOOL,43.108,-87.997,55
0101000020E61000002B8716D9CEFF55C0E7FBA9F1D28D4540,LANCASTER SCHOOL,43.108,-87.997,55
0101000020E61000002DB29DEFA76E56C0E7FBA9F1D2BD4040,OLD CITY HALL-WINONA,33.483,-89.729,28
0101000020E61000002DB29DEFA76E56C0E7FBA9F1D2BD4040,LIBRARY,33.483,-89.729,28
0101000020E6100000355EBA490C5A56C054E3A59BC4203F40,SOUTH PURVIS COMMUNITY,31.128,-89.407,28
0101000020E6100000355EBA490C5A56C054E3A59BC4203F40,SOUTH PURVIS COMMUNITY CENTER,31.128,-89.407,28
0101000020E6100000355EBA490C5A56C0AAF1D24D62503E40,COMMUNITY CENTER,30.314,-89.407,28
0101000020E6100000355EBA490C5A56C0AAF1D24D62503E40,WEST SHORELINE PARK,30.314,-89.407,28
0101000020E6100000355EBA490C8256C03D0AD7A3704D4040,SOUTH LIBERTY BAPTIST CHURCH,32.605,-90.032,28
0101000020E6100000355EBA490C8256C03D0AD7A3704D4040,CANTON SOUTH LIBERTY BAPTIST CHURCH,32.605,-90.032,28
0101000020E610000037894160E52056C0355EBA490C424040,GATEWAY CHURCH,32.516,-88.514,28
0101000020E610000037894160E52056C0355EBA490C424040,LAUDERDALE COMMUNITY CENTER,32.516,-88.514,28
0101000020E610000037894160E55056C083C0CAA145563F40,PETAL CIVIC CENTER,31.337,-89.264,28
0101000020E610000037894160E55056C083C0CAA145563F40,PETAL COMMUNITY CENTER,31.337,-89.264,28
0101000020E610000037894160E55856C0FCA9F1D24D924540,LINDBERGH ELEMENTARY,43.143,-89.389,55
0101000020E610000037894160E55856C0FCA9F1D24D924540,LINDBERGH ELEMENTARY SCHOOL,43.143,-89.389,55
0101000020E610000037894160E58854C0DD24068195234040,COBBTOWN CITY HALL,32.278,-82.139,13
0101000020E610000037894160E58854C0DD24068195234040,COBBTOWN COMMUNITY CENTER,32.278,-82.139,13
0101000020E61000003BDF4F8D971E56C08D976E1283004140,1 AMORY FIRST,34.004,-88.478,28
0101000020E61000003BDF4F8D971E56C08D976E1283004140,EAST AMORY COMMUNITY CENTER,34.004,-88.478,28
0101000020E61000003BDF4F8D97F655C0FA7E6ABC74434540,WARDS 1-3 VILLAGE HALL 2012,42.527,-87.853,55
0101000020E61000003BDF4F8D97F655C0FA7E6ABC74434540,PLEASANT PRAIRIE VILLAGE HALL-AUDITORIUM,42.527,-87.853,55
0101000020E61000003BDF4F8D97FE55C00E2DB29DEF874540,10-2012 MILWAUKEE FRENCH IMMERSION SCHOOL,43.062,-87.978,55
0101000020E61000003BDF4F8D97FE55C00E2DB29DEF874540,MILWAUKEE FRENCH IMMERSION SCHOOL,43.062,-87.978,55
0101000020E61000003BDF4F8D97FE55C0F0A7C64B37894540,10-2012 SHERMAN SCHOOL,43.072,-87.978,55
0101000020E61000003BDF4F8D97FE55C0F0A7C64B37894540,SHERMAN SCHOOL,43.072,-87.978,55
0101000020E61000003D0AD7A3700556C0C1CAA145B6934540,MENOMONEE FALLS FIRE STATION #3,43.154,-88.085,55
0101000020E61000003D0AD7A3700556C0C1CAA145B6934540,LILLY ROAD FIRE STATION,43.154,-88.085,55
0101000020E61000003D0AD7A3705556C0CDCCCCCCCC4C3E40,CHRIST EPISCOPAL SCHOOL,30.3,-89.335,28
0101000020E61000003D0AD7A3705556C0CDCCCCCCCC4C3E40,SOUTH BAY,30.3,-89.335,28
0101000020E61000003D0AD7A3705556C0F0A7C64B37493F40,RICHBURG,31.286,-89.335,28
0101000020E61000003D0AD7A3705556C0F0A7C64B37493F40,GRACE TEMPLE CHURCH,31.286,-89.335,28
0101000020E61000003F355EBA493456C0EC51B81E85BB4040,CIRCUIT COURT COMPLEX,33.465,-88.817,28
0101000020E61000003F355EBA493456C0EC51B81E85BB4040,CENTRAL STARKVILLE,33.465,-88.817,28
0101000020E61000003F355EBA49BC56C083C0CAA145164040,YOKENA PRESBYTERIAN CHURCH,32.174,-90.942,28
0101000020E61000003F355EBA49BC56C083C0CAA145164040,YOKENA,32.174,-90.942,28
0101000020E61000003F355EBA49D454C0A69BC420B0D23E40,PR 05 RAINWATER,30.823,-83.317,13
0101000020E61000003F355EBA49D454C0A69BC420B0D23E40,RAINWATER,30.823,-83.317,13
0101000020E61000003F355EBA49FC55C07B14AE47E18A4540,06-2012 BEN FRANKLIN SCHOOL,43.085,-87.942,55
0101000020E61000003F355EBA49FC55C07B14AE47E18A4540,BENJAMIN FRANKLIN SCHOOL,43.085,-87.942,55
0101000020E61000003F355EBA49FC55C07D3F355EBA894540,07-2012 AUER AVE PLAYGROUND FIELDHOUSE,43.076,-87.942,55
0101000020E61000003F355EBA49FC55C07D3F355EBA894540,CHILDREN OUTING ASSOCIATION (COA),43.076,-87.942,55
0101000020E61000004260E5D0224B55C075931804561E4140,FLOYD COUNTY HEALTH DEPARTMENT,34.237,-85.174,13
0101000020E61000004260E5D0224B55C075931804561E4140,FLOYD COUNTY ELECTION CENTER,34.237,-85.174,13
0101000020E61000004260E5D0228B56C04260E5D0222B4040,FONDREN CHURCH,32.337,-90.174,28
0101000020E61000004260E5D0228B56C04260E5D0222B4040,WOODLAND HILLS BAPTIST CHURCH,32.337,-90.174,28
0101000020E6100000448B6CE7FB3156C00C022B8716194140,PALMETTO COMMUNITY CENTER,34.196,-88.781,28
0101000020E6100000448B6CE7FB3156C00C022B8716194140,PALMETTO-OLD UNION FIRE DEPT.,34.196,-88.781,28
0101000020E6100000448B6CE7FBD956C08B6CE7FBA9714640,HALLIE SANITARY DISTRICT BUILDING,44.888,-91.406,55
0101000020E6100000448B6CE7FBD956C08B6CE7FBA9714640,LAKE HALLIE SANITARY DISTRICT BUILDING,44.888,-91.406,55
0101000020E610000046B6F3FDD40056C01283C0CAA1854540,WILSON SCHOOL-WARD 6,43.044,-88.013,55
0101000020E610000046B6F3FDD40056C01283C0CAA1854540,WILSON ELEMENTARY SCHOOL,43.044,-88.013,55
0101000020E610000046B6F3FDD40056C021B07268918D4540,02-2012 GRANTOSA DRIVE SCHOOL,43.106,-88.013,55
0101000020E610000046B6F3FDD40056C021B07268918D4540,GRANTOSA DRIVE SCHOOL,43.106,-88.013,55
0101000020E610000046B6F3FDD45856C04A0C022B87864540,GOODMAN MAINTENANCE FACILITY,43.051,-89.388,55
0101000020E610000046B6F3FDD45856C04A0C022B87864540,GOODMAN PARKS MAINTENANCE FACILITY,43.051,-89.388,55
0101000020E610000048E17A14AE1F56C0FED478E926214140,DORSEY,34.259,-88.495,28
0101000020E610000048E17A14AE1F56C0FED478E926214140,BETHEL BAPTIST CHURCH,34.259,-88.495,28
0101000020E610000048E17A14AE5756C079E92631086C3E40,COMMUNITY CENTER,30.422,-89.37,28
0101000020E610000048E17A14AE5756C079E92631086C3E40,FENTON,30.422,-89.37,28
0101000020E61000004A0C022B870656C02B8716D9CE474640,MEADOWBROOK CHRUCH,44.561,-88.102,55
0101000020E61000004A0C022B870656C02B8716D9CE474640,MEADOWBROOK CHURCH,44.561,-88.102,55
0101000020E61000004A0C022B874656C06F1283C0CA613E40,GASTON HEWES RECREATION CENTER,30.382,-89.102,28
0101000020E61000004A0C022B874656C06F1283C0CA613E40,GASTON HEWES RECREATION,30.382,-89.102,28
0101000020E61000004A0C022B874656C0BA490C022B673E40,ISIAH FREDERICKS COMMUNITY CENTER,30.403,-89.102,28
0101000020E61000004A0C022B874656C0BA490C022B673E40,ISIAH FREDERICKS COMMUNITY,30.403,-89.102,28
0101000020E61000004C37894160FD55C079E92631088C4540,07-2012 SAMUEL CLEMENS SCHOOL,43.094,-87.959,55
0101000020E61000004C37894160FD55C079E92631088C4540,SAMUEL CLEMENS SCHOOL,43.094,-87.959,55
0101000020E6100000508D976E120356C091ED7C3F358E4540,05-2012 PARKVIEW SCHOOL,43.111,-88.048,55
0101000020E6100000508D976E120356C091ED7C3F358E4540,PARKVIEW SCHOOL,43.111,-88.048,55
0101000020E6100000508D976E12FB55C060E5D022DB894540,06-2012 LAFOLLETTE SCHOOL,43.077,-87.923,55
0101000020E6100000508D976E12FB55C060E5D022DB894540,LAFOLLETTE SCHOOL,43.077,-87.923,55
0101000020E610000052B81E85EB0955C09EEFA7C64B973F40,PHOEBE EDUCATION BUILDING,31.591,-84.155,13
0101000020E610000052B81E85EB0955C09EEFA7C64B973F40,PHOEBE HEALTHWORKS,31.591,-84.155,13
0101000020E610000052B81E85EBF955C075931804563E4640,FREDERICK FROEBEL GARDEN OF EARLY LEARNING,44.487,-87.905,55
0101000020E610000052B81E85EBF955C075931804563E4640,7 WD-GB AREA PUBLIC SCHOOL EARLY LEARNING CENTER,44.487,-87.905,55
0101000020E610000052B81E85EBF955C0C74B378941804540,14-2012 LINCOLN COURT APARTMENTS,43.002,-87.905,55
0101000020E610000052B81E85EBF955C0C74B378941804540,LINCOLN COURT APARTMENTS,43.002,-87.905,55
0101000020E610000054E3A59BC41857C0F2D24D6210984640,CYLON TOWN HALL-COMMUNITY CENTER,45.188,-92.387,55
0101000020E610000054E3A59BC41857C0F2D24D6210984640,CYLON-DEER PARK COMMUNITY CENTER,45.188,-92.387,55
0101000020E610000054E3A59BC46856C0B0726891ED4C4540,MONROE COMMUNITY CENTER,42.601,-89.637,55
0101000020E610000054E3A59BC46856C0B0726891ED4C4540,MONROE FIRE DEPARTMENT-STATION #2 DOWNTOWN,42.601,-89.637,55
0101000020E610000054E3A59BC48056C0560E2DB29D2F4040,COMMUNITY CENTER/FIRE STATION,32.372,-90.012,28
0101000020E610000054E3A59BC48056C0560E2DB29D2F4040,COMMUNITY CENTER/FIRE,32.372,-90.012,28
0101000020E6100000560E2DB29D8F56C0BA490C022B274040,BLACK'S CHAPEL MISSIONARY BAPTIST CHURCH,32.306,-90.244,28
0101000020E6100000560E2DB29D8F56C0BA490C022B274040,BLACKS CHAPEL MISSIONARY BAPTIST CHURCH,32.306,-90.244,28
0101000020E61000005839B4C8765E55C091ED7C3F353E4140,FORMER MENLO CITY HALL,34.486,-85.476,13
0101000020E61000005839B4C8765E55C091ED7C3F353E4140,LAWRENCE CENTER,34.486,-85.476,13
0101000020E61000005839B4C876AE56C02506819543EB4040,MERIGOLD TOWN HALL,33.838,-90.726,28
0101000020E61000005839B4C876AE56C02506819543EB4040,MERIGOLD,33.838,-90.726,28
0101000020E61000005839B4C876AE56C0273108AC1CDA4040,BOYLE CITY HALL,33.704,-90.726,28
0101000020E61000005839B4C876AE56C0273108AC1CDA4040,BOYLE,33.704,-90.726,28
0101000020E61000005A643BDF4F0556C0BC74931804864540,COMMUNITY ROOM 1,43.047,-88.083,55
0101000020E61000005A643BDF4F0556C0BC74931804864540,ELM GROVE-COMMUNITY ROOM,43.047,-88.083,55
0101000020E61000005A643BDF4F3556C02506819543CB4040,CEDAR BLUFF COMMUNITY CENTER,33.588,-88.833,28
0101000020E61000005A643BDF4F3556C02506819543CB4040,CEDAR BLUFF-COMMUNITY CENTER,33.588,-88.833,28
0101000020E61000005A643BDF4F6556C05839B4C8762E4140,LAFAYETTE CIVIC CLUB,34.363,-89.583,28
0101000020E61000005A643BDF4F6556C05839B4C8762E4140,LAFAYETTE CIVIC CENTER,34.363,-89.583,28
0101000020E61000005A643BDF4F9D56C0C1CAA145B6933F40,HALBERT HEIGHTS,31.577,-90.458,28
0101000020E61000005A643BDF4F9D56C0C1CAA145B6933F40,BROOKHAVEN CENTRAL FIRE STATION,31.577,-90.458,28
0101000020E61000005A643BDF4FFD55C060E5D022DB894540,07-2012 KEENAN HEALTH CENTER,43.077,-87.958,55
0101000020E61000005A643BDF4FFD55C060E5D022DB894540,KEENAN HEALTH CENTER,43.077,-87.958,55
0101000020E61000005EBA490C028B56C085EB51B81E554640,SENIOR CENTER,44.665,-90.172,55
0101000020E61000005EBA490C028B56C085EB51B81E554640,2ND STREET COMMUNITY CENTER,44.665,-90.172,55
0101000020E61000005EBA490C02DB56C08B6CE7FBA9614640,WASHINGTON TOWN HALL,44.763,-91.422,55
0101000020E61000005EBA490C02DB56C08B6CE7FBA9614640,WASHINGTON MUNICIPAL COMPLEX,44.763,-91.422,55
0101000020E61000005EBA490C02EB56C07F6ABC7493484640,MONDOVI CITY HALL,44.567,-91.672,55
0101000020E61000005EBA490C02EB56C07F6ABC7493484640,CENTRAL LUTHERAN CHURCH,44.567,-91.672,55
0101000020E61000005EBA490C02EB56C07F6ABC7493484640,ROGER MARTEN COMMUNITY CENTER,44.567,-91.672,55
0101000020E610000060E5D022DB4956C0D34D621058593E40,METHODIST CHURCH-CHRISTIAN LIFE CENTER,30.349,-89.154,28
0101000020E610000060E5D022DB4956C0D34D621058593E40,FIRST UNITED METHODIST CHURCH OF LONG BEACH,30.349,-89.154,28
0101000020E610000060E5D022DB5156C0DF4F8D976E924540,CITY OF MADISON FIRE STATION 11,43.144,-89.279,55
0101000020E610000060E5D022DB5156C0DF4F8D976E924540,FIRE STATION NO. 11,43.144,-89.279,55
0101000020E610000062105839B42056C05C8FC2F5281C4140,GREENWOOD,34.22,-88.511,28
0101000020E610000062105839B42056C05C8FC2F5281C4140,GREENWOOD BAPTIST CHURCH,34.22,-88.511,28
0101000020E610000062105839B42056C08716D9CEF7134640,NEENAH TOWN HALL,44.156,-88.511,55
0101000020E610000062105839B42056C08716D9CEF7134640,NEENAH MUNICIPAL BUILDING TOWN HALL,44.156,-88.511,55
0101000020E610000062105839B45056C0CDCCCCCCCCAC3F40,BIG CREEK POLLING PLACE,31.675,-89.261,28
0101000020E610000062105839B45056C0CDCCCCCCCCAC3F40,CALHOUN,31.675,-89.261,28
0101000020E610000062105839B46856C07F6ABC7493684540,NEW GLARUS VILLAGE HALL,42.817,-89.636,55
0101000020E610000062105839B46856C07F6ABC7493684540,NEW GLARUS FIRE DEPARTMENT,42.817,-89.636,55
0101000020E610000062105839B4F855C02B8716D9CE874540,EAST LIBRARY,43.061,-87.886,55
0101000020E610000062105839B4F855C02B8716D9CE874540,03-2012 EAST LIBRARY,43.061,-87.886,55
0101000020E61000006891ED7C3F5556C06891ED7C3F553F40,HIGHLAND PARK,31.333,-89.332,28
0101000020E61000006891ED7C3F5556C06891ED7C3F553F40,LONGLEAF TRACE GATEWAY,31.333,-89.332,28
0101000020E61000006891ED7C3FFD55C0931804560E8D4540,07-2012 THIRTY-FIFTH STREET SCHOOL,43.102,-87.957,55
0101000020E61000006891ED7C3FFD55C0931804560E8D4540,BANNER PREP/ASSATA HIGH SCHOOL,43.102,-87.957,55
0101000020E61000006ABC7493183456C03D0AD7A370BD4040,NORTH 2,33.48,-88.814,28
0101000020E61000006ABC7493183456C03D0AD7A370BD4040,MOUNT PELIER BAPTIST CHURCH,33.48,-88.814,28
0101000020E61000006ABC7493186456C017D9CEF753434640,STEVENS POINT POLICE DEPARTMENT,44.526,-89.564,55
0101000020E61000006ABC7493186456C017D9CEF753434640,STEVENS POINT RECREATION CENTER,44.526,-89.564,55
0101000020E61000006ABC7493186C56C00E2DB29DEF873E40,CHIMNEY SQUARE (PRC GOVT OFFICES),30.531,-89.689,28
0101000020E61000006ABC7493186C56C00E2DB29DEF873E40,MARGARET REED CROSBY MEMORIAL LIBRARY,30.531,-89.689,28
0101000020E61000006DE7FBA9F10A56C0BA490C022B674540,NORWAY TOWN HALL,42.806,-88.171,55
0101000020E61000006DE7FBA9F10A56C0BA490C022B674540,NORWAY TOWN HALL-MAIN MEETING HALL,42.806,-88.171,55
0101000020E61000006DE7FBA9F11255C0D578E92631F84040,KINGSWOOD UNITED METHODIST CHU,33.939,-84.296,13
0101000020E61000006DE7FBA9F11255C0D578E92631F84040,KINGSWOOD UNITED METHODIST CHURCH,33.939,-84.296,13
0101000020E61000006DE7FBA9F1FA55C052B81E85EB814540,12-2012 ALLEN FIELD ELEMENTARY SCHOOL,43.015,-87.921,55
0101000020E61000006DE7FBA9F1FA55C052B81E85EB814540,ALLEN-FIELD ELEMENTARY SCHOOL,43.015,-87.921,55
0101000020E61000006F1283C0CAD154C02B8716D9CED73E40,MT CALVARY,30.843,-83.278,13
0101000020E61000006F1283C0CAD154C02B8716D9CED73E40,PR 13 MT. CALVARY,30.843,-83.278,13
0101000020E6100000713D0AD7A39856C00C022B8716793F40,ENTERPRISE,31.473,-90.385,28
0101000020E6100000713D0AD7A39856C00C022B8716793F40,ENTERPRISE ATTENDANCE CENTER,31.473,-90.385,28
0101000020E6100000713D0AD7A3C056C0FA7E6ABC74D34040,BENOIT LIBRARY,33.652,-91.01,28
0101000020E6100000713D0AD7A3C056C0FA7E6ABC74D34040,BENOIT PRECINCT,33.652,-91.01,28
0101000020E6100000736891ED7C4F56C0F853E3A59B643F40,LEEVILLE,31.393,-89.242,28
0101000020E6100000736891ED7C4F56C0F853E3A59B643F40,LEEVILLE COMMUNITY CENTER,31.393,-89.242,28
0101000020E610000075931804561656C0643BDF4F8D174140,TILDEN,34.184,-88.349,28
0101000020E610000075931804561656C0643BDF4F8D174140,UNION GROVE CHURCH,34.184,-88.349,28
0101000020E610000077BE9F1A2F2556C0A4703D0AD7034640,FATHER CARR'S PLACE,44.03,-88.581,55
0101000020E610000077BE9F1A2F2556C0A4703D0AD7034640,FATHER CARR'S PLACE 2B,44.03,-88.581,55
0101000020E610000077BE9F1A2F5556C0AE47E17A144E3F40,COMMUNITY BIBLE CHURCH,31.305,-89.331,28
0101000020E610000077BE9F1A2F5556C0AE47E17A144E3F40,WESTSIDE,31.305,-89.331,28
0101000020E610000077BE9F1A2FE555C0BE9F1A2FDD144640,SAINT PETER THE FISHERMAN PARISH CENTER,44.163,-87.581,55
0101000020E610000077BE9F1A2FE555C0BE9F1A2FDD144640,ST. PETER THE FISHERMAN PARISH CENTER,44.163,-87.581,55
0101000020E610000077BE9F1A2FFD55C05EBA490C028B4540,07-2012 DPW FIELD HEADQUARTERS,43.086,-87.956,55
0101000020E610000077BE9F1A2FFD55C05EBA490C028B4540,DPW FIELD HEADQUARTERS,43.086,-87.956,55
0101000020E610000079E92631089456C0E17A14AE47613F40,RUTH,31.38,-90.313,28
0101000020E610000079E92631089456C0E17A14AE47613F40,RUTH VOL FIRE DEPARTMENT,31.38,-90.313,28
0101000020E61000007B14AE47E17A56C01B2FDD2406C14040,RAYS SHOP MT PISGAH FIRE STATION,33.508,-89.92,28
0101000020E61000007B14AE47E17A56C01B2FDD2406C14040,CARROLL COUNTY EXTENSION,33.508,-89.92,28
0101000020E61000007B14AE47E18256C079E92631080C4040,STAR FIRE DEPARTMENT,32.094,-90.045,28
0101000020E61000007B14AE47E18256C079E92631080C4040,STAR VOLUNTEER FIRE DEPARTMENT,32.094,-90.045,28
0101000020E61000007D3F355EBA2155C01D5A643BDFEF4040,BROWN ELEMENTARY / KING SPRINGS ELEMENTARY K1 CAMPUS-SN4A,33.874,-84.527,13
0101000020E61000007D3F355EBA2155C01D5A643BDFEF4040,CCSD BROWN PROFESSIONAL LEARNING CENTER-SN4A,33.874,-84.527,13
0101000020E61000007D3F355EBA3156C04E62105839B44040,OKTOC,33.408,-88.777,28
0101000020E61000007D3F355EBA3156C04E62105839B44040,OKTOC FIRE STATION,33.408,-88.777,28
0101000020E61000007D3F355EBA4156C0D9CEF753E3554140,BLUE MOUNTAIN FIRE STATION TRAINING BUILDING,34.671,-89.027,28
0101000020E61000007D3F355EBA4156C0D9CEF753E3554140,BLUE MOUNTAIN FIRE STATION,34.671,-89.027,28
0101000020E61000007F6ABC74930056C023DBF97E6A8C4540,CRAIG SCHOOL,43.097,-88.009,55
0101000020E61000007F6ABC74930056C023DBF97E6A8C4540,CRAIG MONTESSORI SCHOOL,43.097,-88.009,55
0101000020E61000007F6ABC74930056C048E17A14AE874540,CITY HALL-WARD 4,43.06,-88.009,55
0101000020E61000007F6ABC74930056C048E17A14AE874540,WAUWATOSA CITY HALL-LOWER CIVIC CENTER,43.06,-88.009,55
0101000020E61000008195438B6CBF56C008AC1C5A645B4540,2012 CASSVILLE TOWN HALL,42.714,-90.991,55
0101000020E61000008195438B6CBF56C008AC1C5A645B4540,CASSVILLE VILLAGE HALL,42.714,-90.991,55
0101000020E610000083C0CAA1451E56C06DE7FBA9F1E24540,SACRED HEART SCHOOL,43.773,-88.473,55
0101000020E610000083C0CAA1451E56C06DE7FBA9F1E24540,FOND DU LAC SACRED HEART SCHOOL,43.773,-88.473,55
0101000020E610000083C0CAA1453656C0CBA145B6F31D4140,PRECINCT HO,34.234,-88.848,28
0101000020E610000083C0CAA1453656C0CBA145B6F31D4140,GLOBAL OUTREACH BUILDING,34.234,-88.848,28
0101000020E610000085EB51B81E4554C09CC420B072084040,BLACKSHEAR COMMUNITY CENTER,32.066,-81.08,13
0101000020E610000085EB51B81E4554C09CC420B072084040,RIVER POINTE COMMUNITY CENTER,32.066,-81.08,13
0101000020E610000085EB51B81E4D56C017D9CEF753633F40,BAR MAC,31.388,-89.205,28
0101000020E610000085EB51B81E4D56C017D9CEF753633F40,BARRONTOWN-MACEDONIA RECREATION CENTER,31.388,-89.205,28
0101000020E61000008716D9CEF74B55C0A245B6F3FDE44040,HARALSON COUNTY RECREATION CENTER,33.789,-85.187,13
0101000020E61000008716D9CEF74B55C0A245B6F3FDE44040,HARALSON COUNTY RECREATION BUILDING,33.789,-85.187,13
0101000020E61000008716D9CEF79B56C04E62105839943F40,HIGH SCHOOL,31.579,-90.437,28
0101000020E61000008716D9CEF79B56C04E62105839943F40,BROOKHAVEN HIGH SCHOOL,31.579,-90.437,28
0101000020E6100000894160E5D00256C0894160E5D0424640,32 WD-REDEEMER LUTHERAN CHURCH,44.522,-88.044,55
0101000020E6100000894160E5D00256C0894160E5D0424640,REDEEMER LUTHERAN CHURCH,44.522,-88.044,55
0101000020E6100000894160E5D08256C06ABC749318244040,RANKIN CO BAPTIST ASSN BUILDING,32.282,-90.044,28
0101000020E6100000894160E5D08256C06ABC749318244040,RANKIN CTY BAPTIST ASSN. BLDG.,32.282,-90.044,28
0101000020E6100000894160E5D08256C07B14AE47E14A4040,NATIONAL GUARD ARMORY,32.585,-90.044,28
0101000020E6100000894160E5D08256C07B14AE47E14A4040,CANTON NATIONAL GUARD ARMORY,32.585,-90.044,28
0101000020E6100000894160E5D0A256C0E7FBA9F1D2DD4040,RULEVILLE HEALTH DEPT.,33.733,-90.544,28
0101000020E6100000894160E5D0A256C0E7FBA9F1D2DD4040,WILLIAMS CHAPEL M.B. CHURCH,33.733,-90.544,28
0101000020E6100000894160E5D0A256C0E7FBA9F1D2DD4040,FANNIE LOU HAMER BUILDING,33.733,-90.544,28
0101000020E61000008B6CE7FBA92155C037894160E5D04040,"WELCOME ALL PARK, RECREATION CENTER",33.632,-84.526,13
0101000020E61000008B6CE7FBA92155C037894160E5D04040,AA-WELCOME ALL PARK RECREATION CENTER,33.632,-84.526,13
0101000020E61000008B6CE7FBA9F955C01F85EB51B88E4540,LIBRARY,43.115,-87.901,55
0101000020E61000008B6CE7FBA9F955C01F85EB51B88E4540,WHITEFISH BAY PUBLIC LIBRARY,43.115,-87.901,55
0101000020E61000008D976E12830056C0713D0AD7A3404640,FIRST UNITED CHURCH OF CHRIST,44.505,-88.008,55
0101000020E61000008D976E12830056C0713D0AD7A3404640,15 WD-FIRST UNITED CHURCH OF CHRIST,44.505,-88.008,55
0101000020E61000008D976E12830056C091ED7C3F357E4540,DIVINE PEACE LUTHERAN CHURCH,42.986,-88.008,55
0101000020E61000008D976E12830056C091ED7C3F357E4540,THE BRIDGE (FORMERLY DIVINE PEACE LUTHERAN CHURCH),42.986,-88.008,55
0101000020E61000008D976E12838856C02FDD240681154140,CROWDER WASTEWATER TREAMENT BUILDING,34.168,-90.133,28
0101000020E61000008D976E12838856C02FDD240681154140,CROWDER WASTEWATER,34.168,-90.133,28
0101000020E61000008FC2F5285C5F56C06891ED7C3F854540,FALK ELEMENTARY,43.041,-89.49,55
0101000020E61000008FC2F5285C5F56C06891ED7C3F854540,ANANA ELEMENTARY,43.041,-89.49,55
0101000020E610000091ED7C3F352E56C0D9CEF753E3653E40,FONTAINEBLEAU COMMUNITY,30.398,-88.722,28
0101000020E610000091ED7C3F352E56C0D9CEF753E3653E40,FONTAINEBLEAU COMMUNITY HOUSE,30.398,-88.722,28
0101000020E610000091ED7C3F357E56C03333333333034040,BRAXTON COMMUNITY CENTER,32.025,-89.972,28
0101000020E610000091ED7C3F357E56C03333333333034040,BRAXTON MASONIC LODGE,32.025,-89.972,28
0101000020E610000091ED7C3F35FE55C0AC1C5A643B3F4640,18 WD-ST. BERNARD PARISH,44.494,-87.972,55
0101000020E610000091ED7C3F35FE55C0AC1C5A643B3F4640,SAINT BERNARD'S PARISH,44.494,-87.972,55
0101000020E6100000931804560E0556C09EEFA7C64B474640,2012 GREEN BAY COMMUNITY CHURCH,44.557,-88.079,55
0101000020E6100000931804560E0556C09EEFA7C64B474640,GREEN BAY COMMUNITY CHURCH,44.557,-88.079,55
0101000020E6100000931804560E0D56C08195438B6C074640,TOWN OF CHILTON,44.058,-88.204,55
0101000020E6100000931804560E0D56C08195438B6C074640,CHILTON TOWN HALL,44.058,-88.204,55
0101000020E6100000931804560E1D56C0C3F5285C8FC24540,THERESA VILLAGE HALL,43.52,-88.454,55
0101000020E6100000931804560E1D56C0C3F5285C8FC24540,THERESA PUBLIC LIBRARY,43.52,-88.454,55
0101000020E6100000931804560E5556C0C976BE9F1A8F4540,"19, EAST MADISON COMMUNITY CENTER",43.118,-89.329,55
0101000020E6100000931804560E5556C0C976BE9F1A8F4540,EAST MADISON COMMUNITY CENTER,43.118,-89.329,55
0101000020E610000096438B6CE7FB55C0C74B378941804540,12-2012 LINCOLN AVENUE SCHOOL,43.002,-87.936,55
0101000020E610000096438B6CE7FB55C0C74B378941804540,LINCOLN AVENUE SCHOOL,43.002,-87.936,55
0101000020E6100000986E1283C01A56C077BE9F1A2FFD4040,1 HATLEY,33.978,-88.418,28
0101000020E6100000986E1283C01A56C077BE9F1A2FFD4040,HATLEY COMMUNITY CENTER,33.978,-88.418,28
0101000020E6100000986E1283C05256C02FDD240681553F40,N.R. BURGER CENTER,31.334,-89.293,28
0101000020E6100000986E1283C05256C02FDD240681553F40,BURGER CENTER,31.334,-89.293,28
0101000020E6100000986E1283C05256C08716D9CEF7533F40,CULTURAL CENTER,31.328,-89.293,28
0101000020E6100000986E1283C05256C08716D9CEF7533F40,HATTIESBURG CULTURAL CENTER,31.328,-89.293,28
0101000020E6100000986E1283C05256C0AE47E17A146E3E40,WEST HARRISON COUNTY FIRE STATION,30.43,-89.293,28
0101000020E6100000986E1283C05256C0AE47E17A146E3E40,WEST HARRISON COUNTY FIRE,30.43,-89.293,28
0101000020E61000009CC420B0720857C0D9CEF753E3854640,LUEPKE CABINET SHOP,45.046,-92.132,55
0101000020E61000009CC420B0720857C0D9CEF753E3854640,VILLAGE OF DOWNING VILLAGE HALL,45.046,-92.132,55
0101000020E61000009CC420B0723056C0DBF97E6ABC144140,OLD UNION BAPTIST CHUCH PARSONAGE,34.162,-88.757,28
0101000020E61000009CC420B0723056C0DBF97E6ABC144140,OLD UNION BAPTIST CHURCH LOCATION,34.162,-88.757,28
0101000020E61000009CC420B072D856C046B6F3FDD4784640,SENIOR CENTER,44.944,-91.382,55
0101000020E61000009CC420B072D856C046B6F3FDD4784640,CHIPPEWA FALLS SENIOR CENTER,44.944,-91.382,55
0101000020E61000009CC420B072F855C08716D9CEF7B34540,ST. MATTHEW LUTHERAN CHURCH,43.406,-87.882,55
0101000020E61000009CC420B072F855C08716D9CEF7B34540,SAINT MATTHEW LUTHERAN CHURCH,43.406,-87.882,55
0101000020E61000009EEFA7C64B8756C0DBF97E6ABC344040,THE MARK APTS. CLUBHOUSE,32.412,-90.114,28
0101000020E61000009EEFA7C64B8756C0DBF97E6ABC344040,MARK APARTMENTS,32.412,-90.114,28
0101000020E61000009EEFA7C64B8F56C00000000000204040,SYKES PARK COMMUNITY CENTER,32.25,-90.239,28
0101000020E61000009EEFA7C64B8F56C00000000000204040,SYKES PARK COMMUNITY,32.25,-90.239,28
0101000020E61000009EEFA7C64BAF56C0022B8716D9DE4040,IMMANUEL BAPTIST CHURCH,33.741,-90.739,28
0101000020E61000009EEFA7C64BAF56C0022B8716D9DE4040,WEST CLEVELAND,33.741,-90.739,28
0101000020E61000009EEFA7C64BFF55C083C0CAA145A64540,COMMUNITY CENTER GYM,43.299,-87.989,55
0101000020E61000009EEFA7C64BFF55C083C0CAA145A64540,CEDARBURG COMMUNITY GYM,43.299,-87.989,55
0101000020E6100000A01A2FDD242656C01904560E2D124140,UNION VOL FIRE DEPARTMENT #2,34.142,-88.596,28
0101000020E6100000A01A2FDD242656C01904560E2D124140,UNION VOL. FIRE DEPARTMENT # 2,34.142,-88.596,28
0101000020E6100000A01A2FDD24AE56C091ED7C3F35DE4040,OLD ST. PHILLIP CHURCH,33.736,-90.721,28
0101000020E6100000A01A2FDD24AE56C091ED7C3F35DE4040,EAST CENTRAL CLEVELAND,33.736,-90.721,28
0101000020E6100000A245B6F3FD3456C07D3F355EBA693E40,VILLA MARIA RETIREMENT APARTMENTS,30.413,-88.828,28
0101000020E6100000A245B6F3FD3456C07D3F355EBA693E40,VILLA MARIA RETIREMENT APTS,30.413,-88.828,28
0101000020E6100000A245B6F3FD4456C0C976BE9F1A8F4040,COUNTY AGENT'S OFFICE,33.118,-89.078,28
0101000020E6100000A245B6F3FD4456C0C976BE9F1A8F4040,COUNTY AGENT OFFICE,33.118,-89.078,28
0101000020E6100000A245B6F3FD5456C079E92631082C4040,BEAT 2/LAKE,32.344,-89.328,28
0101000020E6100000A245B6F3FD5456C079E92631082C4040,LAKE TOWN HALL,32.344,-89.328,28
0101000020E6100000A4703D0AD70B56C06ABC749318844540,ELKS LODGE 2012,43.032,-88.185,55
0101000020E6100000A4703D0AD70B56C06ABC749318844540,ELKS LODGE,43.032,-88.185,55
0101000020E6100000A4703D0AD71356C0355EBA490C924540,MERTON COMMUNITY FIRE DEPARTMENT-PUBLIC SAFETY BUILDING,43.141,-88.31,55
0101000020E6100000A4703D0AD71356C0355EBA490C924540,VILLAGE HALL,43.141,-88.31,55
0101000020E6100000A4703D0AD78354C0E5D022DBF9BE4040,ST AUGUSTINES EPIS. CHURCH,33.492,-82.06,13
0101000020E6100000A4703D0AD78354C0E5D022DBF9BE4040,ST AUGUSTINE EPIS. CHURCH,33.492,-82.06,13
0101000020E6100000A69BC420B00256C0C1CAA145B6434640,38 WD-ST PAUL'S UNITED METHODIST CHURCH,44.529,-88.042,55
0101000020E6100000A69BC420B00256C0C1CAA145B6434640,SAINT PAUL'S UNITED METHODIST CHURCH,44.529,-88.042,55
0101000020E6100000A69BC420B08256C0E5D022DBF94E4040,MAD.CO.BAPTIST FAMILY LIFE CT,32.617,-90.042,28
0101000020E6100000A69BC420B08256C0E5D022DBF94E4040,MADISON COUNTY BAPTIST FAMILY LIFE CENTER,32.617,-90.042,28
0101000020E6100000A8C64B37890156C06F1283C0CA414640,TRINITY LUTHERAN CHURCH,44.514,-88.024,55
0101000020E6100000A8C64B37890156C06F1283C0CA414640,29 WD-TRINITY LUTHERAN CHURCH,44.514,-88.024,55
0101000020E6100000A8C64B37890156C0F2D24D6210884540,MC KINLEY SCHOOL-WARD 17,43.063,-88.024,55
0101000020E6100000A8C64B37890156C0F2D24D6210884540,MCKINLEY ELEMENTARY SCHOOL,43.063,-88.024,55
0101000020E6100000A8C64B37891156C0C1CAA145B6234640,SPAR BUILDING (KAUKAUNA COMMUNITY ROOM),44.279,-88.274,55
0101000020E6100000A8C64B37891156C0C1CAA145B6234640,CITY HALL,44.279,-88.274,55
0101000020E6100000A8C64B37895956C0F2D24D6210583F40,"79 JACKSON RD,COMM CENTER",31.344,-89.399,28
0101000020E6100000A8C64B37895956C0F2D24D6210583F40,BRELAND COMMUNITY CENTER,31.344,-89.399,28
0101000020E6100000AAF1D24D623057C0CDCCCCCCCC7C4640,CITY OF HUDSON FIRE HALL,44.975,-92.756,55
0101000020E6100000AAF1D24D623057C0CDCCCCCCCC7C4640,HUDSON CITY HALL,44.975,-92.756,55
0101000020E6100000AAF1D24D625856C06F1283C0CA613E40,DIAMONDHEAD WEST,30.382,-89.381,28
0101000020E6100000AAF1D24D625856C06F1283C0CA613E40,DIAMONDHEAD CITY HALL,30.382,-89.381,28
0101000020E6100000AAF1D24D62B856C079E92631082C4040,AMERICAN LEGION POST,32.344,-90.881,28
0101000020E6100000AAF1D24D62B856C079E92631082C4040,AMERICAN LEGION POST 3,32.344,-90.881,28
0101000020E6100000AAF1D24D62F855C0AC1C5A643B7F4540,14-2012 SOUTH SHORE PARK PAVILION,42.994,-87.881,55
0101000020E6100000AAF1D24D62F855C0AC1C5A643B7F4540,SOUTH SHORE PARK PAVILLION,42.994,-87.881,55
0101000020E6100000AC1C5A643B0F57C05C8FC2F5286C4640,VILLAGE HALL,44.845,-92.238,55
0101000020E6100000AC1C5A643B0F57C05C8FC2F5286C4640,SPRING VALLEY VILLAGE HALL,44.845,-92.238,55
0101000020E6100000AC1C5A643B1755C0CFF753E3A5FB4040,NORTH FULTON SERVICE ANNEX,33.966,-84.363,13
0101000020E6100000AC1C5A643B1755C0CFF753E3A5FB4040,AA-NORTH FULTON ANNEX,33.966,-84.363,13
0101000020E6100000AC1C5A643B5F56C03333333333834540,"92, HUEGEL ELEMENTARY",43.025,-89.488,55
0101000020E6100000AC1C5A643B5F56C03333333333834540,HUEGEL ELEMENTARY,43.025,-89.488,55
0101000020E6100000AC1C5A643BEF55C054E3A59BC4E04540,FIRST UNITED LUTHERAN CHURCH,43.756,-87.738,55
0101000020E6100000AC1C5A643BEF55C054E3A59BC4E04540,WARD 18  FIRST UNITED LUTHERAN CHURCH,43.756,-87.738,55
0101000020E6100000AE47E17A142E55C07593180456FE4040,FORD ELEMENTARY SCHOOL,33.987,-84.72,13
0101000020E6100000AE47E17A142E55C07593180456FE4040,FORD ELEMENTARY SCHOOL-FR01,33.987,-84.72,13
0101000020E6100000AE47E17A142E57C0CDCCCCCCCC7C4640,FAITH COMMUNITY CHURCH COMMUNITY ROOM,44.975,-92.72,55
0101000020E6100000AE47E17A142E57C0CDCCCCCCCC7C4640,FAITH COMMUNITY CHURCH,44.975,-92.72,55
0101000020E6100000B0726891ED0C55C0CBA145B6F3DD4040,BETHUNE MIDDLE SCHOOL,33.734,-84.202,13
0101000020E6100000B0726891ED0C55C0CBA145B6F3DD4040,MARY MACLEOD BETHUNE MIDDLE SCHOOL,33.734,-84.202,13
0101000020E6100000B0726891EDFC55C0C3F5285C8F824540,08-2012 DOERFLER SCHOOL,43.02,-87.952,55
0101000020E6100000B0726891EDFC55C0C3F5285C8F824540,DOERFLER SCHOOL,43.02,-87.952,55
0101000020E6100000B29DEFA7C64356C0A8C64B3789613E40,GULF COAST COMMUNITY ACTION AGENCY,30.381,-89.059,28
0101000020E6100000B29DEFA7C64356C0A8C64B3789613E40,GULF COAST COMMUNITY,30.381,-89.059,28
0101000020E6100000B29DEFA7C65356C0FA7E6ABC74533F40,SIGLER CENTER,31.326,-89.309,28
0101000020E6100000B29DEFA7C65356C0FA7E6ABC74533F40,W.U. SIGLER CENTER,31.326,-89.309,28
0101000020E6100000B29DEFA7C65B56C0D7A3703D0A874540,WINGRA SCHOOL,43.055,-89.434,55
0101000020E6100000B29DEFA7C65B56C0D7A3703D0A874540,GLENWOOD MORAVIAN COMMUNITY CHURCH,43.055,-89.434,55
0101000020E6100000B4C876BE9F0256C037894160E5404640,31 WD-ST JOSEPH PARISH,44.507,-88.041,55
0101000020E6100000B4C876BE9F0256C037894160E5404640,SAINT JOSEPH'S PAROCHIAL SCHOOL,44.507,-88.041,55
0101000020E6100000B4C876BE9F1A56C05A643BDF4F1D4640,FOX CITIES UNITED PENTACOSTAL CHURCH,44.229,-88.416,55
0101000020E6100000B4C876BE9F1A56C05A643BDF4F1D4640,PENTACOSTALS OF THE FOX CITIES,44.229,-88.416,55
0101000020E6100000B4C876BE9F7256C0BE9F1A2FDDA43F40,MT CARMEL BAP CHURCH,31.644,-89.791,28
0101000020E6100000B4C876BE9F7256C0BE9F1A2FDDA43F40,MT CARMEL BAPTIST CHURCH,31.644,-89.791,28
0101000020E6100000B4C876BE9FFA55C0C1CAA145B6434540,RECPLEX,42.529,-87.916,55
0101000020E6100000B4C876BE9FFA55C0C1CAA145B6434540,PLEASANT PRAIRIE RECPLEX,42.529,-87.916,55
0101000020E6100000B6F3FDD4780156C0986E1283C08A4540,05-2012 FIREHOUSE-ENGINE 22,43.084,-88.023,55
0101000020E6100000B6F3FDD4780156C0986E1283C08A4540,FIREHOUSE ENGINE 22,43.084,-88.023,55
0101000020E6100000B6F3FDD4785956C07D3F355EBA894540,UW-MADISON RED GYM,43.076,-89.398,55
0101000020E6100000B6F3FDD4785956C07D3F355EBA894540,BELOW ALUMNI CENTER,43.076,-89.398,55
0101000020E6100000B6F3FDD4786156C03108AC1C5A044640,COLOMA COMMUNITY CENTER (ANNA FOLLETT),44.034,-89.523,55
0101000020E6100000B6F3FDD4786156C03108AC1C5A044640,ANNA FOLLETT MEMORIAL CENTER,44.034,-89.523,55
0101000020E6100000B6F3FDD4786956C0931804560E2D4040,NATIONAL GUARD ARMORY,32.352,-89.648,28
0101000020E6100000B6F3FDD4786956C0931804560E2D4040,BEAT 3/EASTWEST MORTON,32.352,-89.648,28
0101000020E6100000B6F3FDD4789956C0FA7E6ABC74B33F40,WESSON,31.701,-90.398,28
0101000020E6100000B6F3FDD4789956C0FA7E6ABC74B33F40,WESSON MS 39191,31.701,-90.398,28
0101000020E6100000B81E85EB513056C07B14AE47E11A4140,MORNING STAR BAPTIST CHURCH,34.21,-88.755,28
0101000020E6100000B81E85EB513056C07B14AE47E11A4140,HAVEN ACRES BOYS & GIRLS CLUB,34.21,-88.755,28
0101000020E6100000B81E85EB519856C0D578E92631584140,R. C. IRWIN LIBRARY,34.689,-90.38,28
0101000020E6100000B81E85EB519856C0D578E92631584140,R.C. IRWIN LIBRARY,34.689,-90.38,28
0101000020E6100000BA490C022B0F55C09EEFA7C64B474040,TAYLOR COUNTY COURTHOUSE,32.557,-84.237,13
0101000020E6100000BA490C022B0F55C09EEFA7C64B474040,TAYLOR COUNTY GOVT ANNEX,32.557,-84.237,13
0101000020E6100000BC749318044E56C0986E1283C02A3F40,MCLAURIN,31.167,-89.219,28
0101000020E6100000BC749318044E56C0986E1283C02A3F40,MCLAURIN COMMUNITY CENTER,31.167,-89.219,28
0101000020E6100000BC74931804DE56C0C3F5285C8F624640,HOPE UNITED METHODIST CHURCH-2013,44.77,-91.469,55
0101000020E6100000BC74931804DE56C0C3F5285C8F624640,HOPE METHODIST CHURCH,44.77,-91.469,55
0101000020E6100000BE9F1A2FDD5C56C00000000000304040,AMERICAN LEGION,32.375,-89.451,28
0101000020E6100000BE9F1A2FDD5C56C00000000000304040,BEAT 3/NORTHWEST FOREST,32.375,-89.451,28
0101000020E6100000BE9F1A2FDDAC56C05839B4C876DE4040,CAMILLA APARTMENTS,33.738,-90.701,28
0101000020E6100000BE9F1A2FDDAC56C05839B4C876DE4040,EASTGATE,33.738,-90.701,28
0101000020E6100000BE9F1A2FDDF455C083C0CAA145464540,"KENOSHA COUNTY JOB CENTER, ROOM N2",42.549,-87.826,55
0101000020E6100000BE9F1A2FDDF455C083C0CAA145464540,KENOSHA COUNTY JOB CENTER-N3,42.549,-87.826,55
0101000020E6100000C1CAA145B69B56C052B81E85EB913F40,ALEXANDER,31.57,-90.433,28
0101000020E6100000C1CAA145B69B56C052B81E85EB913F40,ALEXANDER JR. HIGH SCHOOL,31.57,-90.433,28
0101000020E6100000C520B072682155C0E9263108ACEC4040,ST THOMAS CATHOLIC CHURCH,33.849,-84.522,13
0101000020E6100000C520B072682155C0E9263108ACEC4040,ST THOMAS CATHOLIC CHURCH-OK01,33.849,-84.522,13
0101000020E6100000C520B072685956C0F0A7C64B37493E40,COMMUNITY CENTER,30.286,-89.397,28
0101000020E6100000C520B072685956C0F0A7C64B37493E40,ARLINGTON,30.286,-89.397,28
0101000020E6100000C520B072689956C04C37894160A53F40,MONTGOMERY,31.646,-90.397,28
0101000020E6100000C520B072689956C04C37894160A53F40,CLEAR BRANCH BAPTIST CHURCH,31.646,-90.397,28
0101000020E6100000C520B07268B954C0D7A3703D0AC74040,SENIOR CENTER,33.555,-82.897,13
0101000020E6100000C520B07268B954C0D7A3703D0AC74040,COURTHOUSE,33.555,-82.897,13
0101000020E6100000C520B07268F955C0295C8FC2F5884540,03-2012 GORDON PARK PAVILION,43.07,-87.897,55
0101000020E6100000C520B07268F955C0295C8FC2F5884540,GORDON PARK PAVILION,43.07,-87.897,55
0101000020E6100000C74B3789410055C02506819543DB4040,ST. PIUS CATHOLIC CHURCH,33.713,-84.004,13
0101000020E6100000C74B3789410055C02506819543DB4040,ST PIUS X CATHOLIC CHURCH,33.713,-84.004,13
0101000020E6100000C74B3789415056C046B6F3FDD4583F40,PETAL MASONIC,31.347,-89.254,28
0101000020E6100000C74B3789415056C046B6F3FDD4583F40,PETAL MASONIC LODGE,31.347,-89.254,28
0101000020E6100000C976BE9F1A3F56C0CDCCCCCCCC2C4140,PRECINCT CC,34.35,-88.986,28
0101000020E6100000C976BE9F1A3F56C0CDCCCCCCCC2C4140,OLD CHERRY CREEK SCHOOL,34.35,-88.986,28
0101000020E6100000CBA145B6F3B554C05EBA490C024B3F40,ATKINSON CO. ELECTION OFFICE,31.293,-82.843,13
0101000020E6100000CBA145B6F3B554C05EBA490C024B3F40,ATKINSON COUNTY BOARD OF ELECTIONS,31.293,-82.843,13
0101000020E6100000CBA145B6F3F555C037894160E5504540,04 NORTHSIDE LIBRARY,42.632,-87.843,55
0101000020E6100000CBA145B6F3F555C037894160E5504540,NORTHSIDE LIBRARY,42.632,-87.843,55
0101000020E6100000CBA145B6F3FD55C0986E1283C08A4540,PARKLAWN ASSEMBLY OF GOD CHURCH,43.084,-87.968,55
0101000020E6100000CBA145B6F3FD55C0986E1283C08A4540,EMBASSY CENTER MKE (FORMERLY PARKLAWN ASSEMBLY OF GOD CHURCH),43.084,-87.968,55
0101000020E6100000CBA145B6F3FD55C0B81E85EB51884540,07-2012 WASHINGTON HIGH SCHOOL,43.065,-87.968,55
0101000020E6100000CBA145B6F3FD55C0B81E85EB51884540,WASHINGTON HIGH SCHOOL,43.065,-87.968,55
0101000020E6100000CDCCCCCCCC8C54C07D3F355EBAB94040,GROVE FIRST BAPTIST CHURCH,33.451,-82.2,13
0101000020E6100000CDCCCCCCCC8C54C07D3F355EBAB94040,GROVETOWN CITY HALL,33.451,-82.2,13
0101000020E6100000CDCCCCCCCCC454C0BE9F1A2FDD444040,DUDLEY CITY HALL,32.538,-83.075,13
0101000020E6100000CDCCCCCCCCC454C0BE9F1A2FDD444040,DUDLEY FIRE STATION #4,32.538,-83.075,13
0101000020E6100000CFF753E3A5A356C054E3A59BC4A03F40,LOYD STAR,31.628,-90.557,28
0101000020E6100000CFF753E3A5A356C054E3A59BC4A03F40,LLOYD STAR VOL FIRE DEPARTMENT,31.628,-90.557,28
0101000020E6100000CFF753E3A5F355C096438B6CE75B4540,2012 03 TYLER DOMER COMMUNITY CENTER,42.718,-87.807,55
0101000020E6100000CFF753E3A5F355C096438B6CE75B4540,TYLER DOMER COMMUNITY CENTER,42.718,-87.807,55
0101000020E6100000CFF753E3A5FB55C062105839B4884540,BOYS AND GIRLS CLUB-LAVARNWAY,43.068,-87.932,55
0101000020E6100000CFF753E3A5FB55C062105839B4884540,RESCUE MISSION,43.068,-87.932,55
0101000020E6100000CFF753E3A5FB55C0B81E85EB51784540,13-2012 MPS BUILDING (FORMER GARLAND SCHOOL),42.94,-87.932,55
0101000020E6100000CFF753E3A5FB55C0B81E85EB51784540,IDEAL SCHOOL,42.94,-87.932,55
0101000020E6100000CFF753E3A5FB55C0FED478E926414640,19 WD-CHRIST OF THE BAY LUTHERAN CHURCH,44.509,-87.932,55
0101000020E6100000CFF753E3A5FB55C0FED478E926414640,CHRIST OF THE BAY LUTHERAN CHURCH,44.509,-87.932,55
0101000020E6100000D122DBF97E4A56C0D9CEF753E3E53E40,BOND BAPTIST CHURCH,30.898,-89.164,28
0101000020E6100000D122DBF97E4A56C0D9CEF753E3E53E40,BOND,30.898,-89.164,28
0101000020E6100000D122DBF97E9256C05C8FC2F5287C3F40,EAST LINCOLN,31.485,-90.289,28
0101000020E6100000D122DBF97E9256C05C8FC2F5287C3F40,EAST LINCOLN VOL. FIRE DEPT.,31.485,-90.289,28
0101000020E6100000D34D6210581157C00000000000A04640,VILLAGE OF CLEAR LAKE 'S MUNICIPAL BUILDING,45.25,-92.271,55
0101000020E6100000D34D6210581157C00000000000A04640,CLEAR LAKE MUNICIPAL BUILDING,45.25,-92.271,55
0101000020E6100000D34D6210582156C06ABC749318643E40,JUSTICE COURT BUILDING,30.391,-88.521,28
0101000020E6100000D34D6210582156C06ABC749318643E40,JUSTICE COURT BUILDING ON JEFF. ST.,30.391,-88.521,28
0101000020E6100000D34D6210585956C07D3F355EBA894540,"47, LOWELL CENTER",43.076,-89.396,55
0101000020E6100000D34D6210585956C07D3F355EBA894540,HILLEL AT THE UNIVERSITY OF WISCONSIN,43.076,-89.396,55
0101000020E6100000D34D621058D154C0A4703D0AD7E33E40,TRINITY,30.89,-83.271,13
0101000020E6100000D34D621058D154C0A4703D0AD7E33E40,PR 02 TRINITY,30.89,-83.271,13
0101000020E6100000D34D621058F955C0F2D24D6210684540,CALEDONIA HWY GARAGE (TEMPORARY RELOCATION),42.813,-87.896,55
0101000020E6100000D34D621058F955C0F2D24D6210684540,CALEDONIA HWY GARAGE,42.813,-87.896,55
0101000020E6100000D7A3703D0A0756C008AC1C5A64FB4540,TOWN OF NEW HOLSTEIN,43.964,-88.11,55
0101000020E6100000D7A3703D0A0756C008AC1C5A64FB4540,NEW HOLSTEIN TOWN HALL,43.964,-88.11,55
0101000020E6100000D7A3703D0A0F56C0FED478E926814540,E & R UCC CHURCH 2012,43.009,-88.235,55
0101000020E6100000D7A3703D0A0F56C0FED478E926814540,E & R UCC CHURCH,43.009,-88.235,55
0101000020E6100000D7A3703D0A3F56C07D3F355EBA594540,ST. MARK LUTHERAN CHURCH,42.701,-88.985,55
0101000020E6100000D7A3703D0A3F56C07D3F355EBA594540,ST MARK LUTHERAN CHURCH,42.701,-88.985,55
0101000020E6100000D7A3703D0A3F56C0CFF753E3A51B4140,PRECINCT P4,34.216,-88.985,28
0101000020E6100000D7A3703D0A3F56C0CFF753E3A51B4140,PEPA WAREHOUSE,34.216,-88.985,28
0101000020E6100000D7A3703D0A4756C0E9263108AC5C3E40,WESTSIDE COMMUNITY CENTER,30.362,-89.11,28
0101000020E6100000D7A3703D0A4756C0E9263108AC5C3E40,WEST SIDE COMMUNITY CENTER,30.362,-89.11,28
0101000020E6100000D9CEF753E3F555C0D34D621058494540,KENOSHA SENIOR CITIZEN CENTER,42.573,-87.842,55
0101000020E6100000D9CEF753E3F555C0D34D621058494540,SENIOR CITIZENS CENTER,42.573,-87.842,55
0101000020E6100000DBF97E6ABC1C56C0986E1283C08A4540,VILLAGE HALL,43.084,-88.449,55
0101000020E6100000DBF97E6ABC1C56C0986E1283C08A4540,OCONOMOWOC LAKE VILLAGE HALL,43.084,-88.449,55
0101000020E6100000DBF97E6ABC4C56C00C022B8716894540,COTTAGE GROVE TOWN HALL,43.071,-89.199,55
0101000020E6100000DBF97E6ABC4C56C00C022B8716894540,COTTAGE GROVE TOWN GARAGE,43.071,-89.199,55
0101000020E6100000DBF97E6ABC8456C07D3F355EBA394040,NORTHBAY BAYVIEW,32.451,-90.074,28
0101000020E6100000DBF97E6ABC8456C07D3F355EBA394040,NORTHBAY BAYVIEW CLUBHOUSE,32.451,-90.074,28
0101000020E6100000DBF97E6ABC8C56C0D578E92631284040,CHERRY GROVE MISSIONARY,32.314,-90.199,28
0101000020E6100000DBF97E6ABC8C56C0D578E92631284040,CHERRY GROVE MISSIONARY BAPTIST CHURCH,32.314,-90.199,28
0101000020E6100000DD240681953356C0B4C876BE9FBA4040,NEEDMORE COMMUNITY CENTER,33.458,-88.806,28
0101000020E6100000DD240681953356C0B4C876BE9FBA4040,NEEDMORE,33.458,-88.806,28
0101000020E6100000DD240681957354C0D9CEF753E3053F40,TARBORO FIRE STATION,31.023,-81.806,13
0101000020E6100000DD240681957354C0D9CEF753E3053F40,TARBORO-BROWN CHAPEL AME CHURCH,31.023,-81.806,13
0101000020E6100000DF4F8D976E2255C02506819543CB4040,"GULLATT, C H ELEMENTARY SCHOOL",33.588,-84.538,13
0101000020E6100000DF4F8D976E2255C02506819543CB4040,CHURCH GULLATT ELEMENTARY,33.588,-84.538,13
0101000020E6100000DF4F8D976E2256C0448B6CE7FB693E40,RECREATION CENTER BY CITY HALL,30.414,-88.538,28
0101000020E6100000DF4F8D976E2256C0448B6CE7FB693E40,RECREATIONAL CENTER,30.414,-88.538,28
0101000020E6100000DF4F8D976E5256C0DF4F8D976E523F40,COURT STREET,31.322,-89.288,28
0101000020E6100000DF4F8D976E5256C0DF4F8D976E523F40,COURT STREET UNITED METHODIST CHURCH,31.322,-89.288,28
0101000020E6100000E17A14AE476156C03BDF4F8D975E4040,EAST CARTHAGE,32.739,-89.52,28
0101000020E6100000E17A14AE476156C03BDF4F8D975E4040,TRINITY BAPTIST CHURCH,32.739,-89.52,28
0101000020E6100000E17A14AE47F955C0F0A7C64B37894540,03-2012 LOCUST COURT APARTMENTS,43.072,-87.895,55
0101000020E6100000E17A14AE47F955C0F0A7C64B37894540,LOCUST COURT APARTMENTS,43.072,-87.895,55
0101000020E6100000E3A59BC4201055C091ED7C3F35EE4040,HENDERSON MILL ELEMENTARY SCHOOL,33.861,-84.252,13
0101000020E6100000E3A59BC4201055C091ED7C3F35EE4040,ST BEDES EPISCOPAL CHURCH,33.861,-84.252,13
0101000020E6100000E3A59BC4204856C077BE9F1A2F0D4140,PRECINCT JU,34.103,-89.127,28
0101000020E6100000E3A59BC4204856C077BE9F1A2F0D4140,JUDAH POLLING PLACE,34.103,-89.127,28
0101000020E6100000E3A59BC4207856C091ED7C3F353E4040,SANDHILL LIBRARY,32.486,-89.877,28
0101000020E6100000E3A59BC4207856C091ED7C3F353E4040,TECHNICAL BUILDING,32.486,-89.877,28
0101000020E6100000E5D022DBF91E56C02B8716D9CEF74040,2 BECKER,33.936,-88.484,28
0101000020E6100000E5D022DBF91E56C02B8716D9CEF74040,BECKER COMMUNITY CENTER,33.936,-88.484,28
0101000020E6100000E5D022DBF93E56C0F4FDD478E9663E40,DONAL M. SNYDER COMMUNITY CENTER,30.402,-88.984,28
0101000020E6100000E5D022DBF93E56C0F4FDD478E9663E40,DONAL SNYDER COMMUNITY CENTER,30.402,-88.984,28
0101000020E6100000E5D022DBF98E56C0DF4F8D976E224040,APOSTOLIC RESTORATION MINISTRY,32.269,-90.234,28
0101000020E6100000E5D022DBF98E56C0DF4F8D976E224040,APOSTOLIC RESTORATION,32.269,-90.234,28
0101000020E6100000E5D022DBF9FE55C0AC1C5A643B7F4540,11-2012 MILWAUKEE SPANISH IMMERSION SCHOOL,42.994,-87.984,55
0101000020E6100000E5D022DBF9FE55C0AC1C5A643B7F4540,MILWAUKEE SPANISH IMMERSION SCHOOL,42.994,-87.984,55
0101000020E6100000E9263108AC1C56C037894160E5E04540,FIRE STATION 1,43.757,-88.448,55
0101000020E6100000E9263108AC1C56C037894160E5E04540,FOND DU LAC FIRE STATION 1,43.757,-88.448,55
0101000020E6100000E9263108AC2C56C01F85EB51B82E4040,RAYMOND P. DAVIS COUNTY COURTHOUSE ANNEX BUILDING,32.365,-88.698,28
0101000020E6100000E9263108AC2C56C01F85EB51B82E4040,RAYMOND P. DAVIS-ANNEX BUILDING,32.365,-88.698,28
0101000020E6100000E9263108AC3456C05EBA490C02BB4540,GRACE PRESBYTERIAN CHURCH-WARD 10,43.461,-88.823,55
0101000020E6100000E9263108AC3456C05EBA490C02BB4540,GRACE PRESBYTERIAN CHURCH,43.461,-88.823,55
0101000020E6100000EC51B81E858B56C0560E2DB29D3F4040,CHINA GROVE CHURCH,32.497,-90.18,28
0101000020E6100000EC51B81E858B56C0560E2DB29D3F4040,CHINA GROVE A.M.E. CHURCH,32.497,-90.18,28
0101000020E6100000EE7C3F355E1A56C06DE7FBA9F1924540,"STONE BANK FIRE HOUSE 2WARDS 4, 5, 6, 10, 11",43.148,-88.412,55
0101000020E6100000EE7C3F355E1A56C06DE7FBA9F1924540,STONE BANK FIRE HOUSE-WESTERN LAKES STATION 6,43.148,-88.412,55
0101000020E6100000EE7C3F355EFA55C0E17A14AE47614540,"2012 W3,4,5 FRANKSVILLE UNITED METHODIST CHURCH",42.76,-87.912,55
0101000020E6100000EE7C3F355EFA55C0E17A14AE47614540,FAITHBRIDGE UNITED METHODIST CHURCH,42.76,-87.912,55
0101000020E6100000F0A7C64B37D956C048E17A14AE774640,LIBRARY,44.935,-91.394,55
0101000020E6100000F0A7C64B37D956C048E17A14AE774640,CHIPPEWA FALLS PUBLIC LIBRARY,44.935,-91.394,55
0101000020E6100000F2D24D62105856C075931804564E3E40,WAVELAND WEST,30.306,-89.376,28
0101000020E6100000F2D24D62105856C075931804564E3E40,LUTHERAN CHURCH OF THE PINES,30.306,-89.376,28
0101000020E6100000F2D24D62106056C0A4703D0AD7734040,SINGLETON,32.905,-89.501,28
0101000020E6100000F2D24D62106056C0A4703D0AD7734040,BARNES FIRE DEPARTMENT,32.905,-89.501,28
0101000020E6100000F4FDD478E91E56C0C976BE9F1A0F4140,CAROLINA,34.118,-88.483,28
0101000020E6100000F4FDD478E91E56C0C976BE9F1A0F4140,CAROLINA COMMUNITY CENTER,34.118,-88.483,28
0101000020E6100000F4FDD478E94656C0D578E92631384040,EVERGREEN MASONIC LODGE,32.439,-89.108,28
0101000020E6100000F4FDD478E94656C0D578E92631384040,COURTHOUSE,32.439,-89.108,28
0101000020E6100000F4FDD478E9DE56C0F6285C8FC2654640,SALEM BAPTIST CHURCH,44.795,-91.483,55
0101000020E6100000F4FDD478E9DE56C0F6285C8FC2654640,BRIDGE CHURCH (FORMERLY SALEM BAPTIST),44.795,-91.483,55
0101000020E6100000F4FDD478E9FE55C0A245B6F3FD844540,10-2012 HAWLEY SCHOOL,43.039,-87.983,55
0101000020E6100000F4FDD478E9FE55C0A245B6F3FD844540,HAWLEY SCHOOL,43.039,-87.983,55
0101000020E6100000F6285C8FC21556C0894160E5D0224640,KIMBERLY VILLAGE HALL-CEDAR ROOM,44.272,-88.34,55
0101000020E6100000F6285C8FC21556C0894160E5D0224640,KIMBERLY VILLAGE HALL-EVERGREEN ROOM,44.272,-88.34,55
0101000020E6100000F6285C8FC24556C06F1283C0CA613E40,DISABLED AMERICAN VETERANS HALL,30.382,-89.09,28
0101000020E6100000F6285C8FC24556C06F1283C0CA613E40,DAV HALL,30.382,-89.09,28
0101000020E6100000F6285C8FC25556C0560E2DB29D9F4540,DE FOREST VILLAGE HALL,43.247,-89.34,55
0101000020E6100000F6285C8FC25556C0560E2DB29D9F4540,2012 DEFOREST PUBLIC SAFETY,43.247,-89.34,55
0101000020E6100000F6285C8FC26556C09CC420B072884040,ZAMA FIRE STATION,33.066,-89.59,28
0101000020E6100000F6285C8FC26556C09CC420B072884040,COLISEUM,33.066,-89.59,28
0101000020E6100000F6285C8FC2C554C0986E1283C00A3F40,LANIER COUNTY BOARD OF ELECTIONS,31.042,-83.09,13
0101000020E6100000F6285C8FC2C554C0986E1283C00A3F40,LANIER COUNTY EXTENSION,31.042,-83.09,13
0101000020E6100000FA7E6ABC742356C0448B6CE7FB693E40,YOUNG MEN'S BUSINESS CLUB,30.414,-88.554,28
0101000020E6100000FA7E6ABC742356C0448B6CE7FB693E40,"YOUNG MEN'S BUS. CLUB, DANTZLER",30.414,-88.554,28
0101000020E6100000FA7E6ABC743356C04260E5D022BB4040,EAST STARKVILLE,33.462,-88.804,28
0101000020E6100000FA7E6ABC743356C04260E5D022BB4040,ST JOSEPH CATHOLIC CHURCH,33.462,-88.804,28
0101000020E6100000FCA9F1D24D5256C05A643BDF4FCD3E40,MAGNOLIA,30.802,-89.286,28
0101000020E6100000FCA9F1D24D5256C05A643BDF4FCD3E40,WESTSIDE COMMUNITY CENTER,30.802,-89.286,28
0101000020E6100000FCA9F1D24D8256C03D0AD7A3704D4040,ST. PAUL METHODIST CHURCH,32.605,-90.036,28
0101000020E6100000FCA9F1D24D8256C03D0AD7A3704D4040,CANTON ST. PAUL METHODIST CHURCH,32.605,-90.036,28
0101000020E6100000FED478E9265156C02B8716D9CE573F40,WEST PETAL,31.343,-89.268,28
0101000020E6100000FED478E9265156C02B8716D9CE573F40,WEST PETAL PRECINCT,31.343,-89.268,28
0101000020E6100000FED478E9266156C083C0CAA145864540,"105, COVENTRY VILLAGE",43.049,-89.518,55
0101000020E6100000FED478E9266156C083C0CAA145864540,COVENTRY VILLAGE,43.049,-89.518,55
0101000020E6100000FED478E926B156C09A99999999F94040,SHELBY POLICE STATION,33.95,-90.768,28
0101000020E6100000FED478E926B156C09A99999999F94040,SHELBY PRECINCT,33.95,-90.768,28
