changeyear,cntyfp,baseyear,lastgeyear,changenopolls,nopollsadded,nopollsremoved,norvby,norvlgy,popdensityby,changenorv,changenorvpernopoll
2012 - 2014,55065,2014,2012,0,0,0,,,27,,
2016 - 2018,28147,2018,2016,6,1,5,,,36,,
2018 - 2020,13183,2020,2018,5,3,2,,,48,,
2018 - 2020,13229,2020,2018,0,0,0,,,57,,
2018 - 2020,45041,2020,2018,19,9,10,91575,84880,173,6695,352
2014 - 2016,55119,2016,2014,3,1,2,,,21,,
2012 - 2014,55015,2014,2012,3,1,2,,,156,,
2020 - 2022,13199,2022,2020,3,2,1,,,41,,
2016 - 2018,28125,2018,2016,0,0,0,,,10,,
2016 - 2018,13281,2018,2016,3,2,1,,,69,,
2018 - 2020,13181,2020,2018,0,0,0,,,38,,
2018 - 2020,45007,2020,2018,37,17,20,130040,117163,280,12877,348
2020 - 2022,13227,2022,2020,5,3,2,,,141,,
2014 - 2016,55079,2016,2014,23,11,12,,,3954,,
2014 - 2016,55057,2016,2014,4,2,2,,,34,,
2018 - 2020,55097,2020,2018,6,3,3,,,88,,
2014 - 2016,28031,2016,2014,2,1,1,,,47,,
2014 - 2016,28061,2016,2014,1,0,1,,,24,,
2014 - 2016,55099,2016,2014,2,1,1,,,11,,
2018 - 2020,55107,2020,2018,0,0,0,,,15,,
2020 - 2022,55097,2022,2020,3,1,2,,,88,,
2014 - 2016,28051,2016,2014,3,1,2,,,25,,
2020 - 2022,13267,2022,2020,4,2,2,,,48,,
2016 - 2018,13019,2018,2016,0,0,0,,,42,,
2020 - 2022,13311,2022,2020,5,2,3,,,116,,
2020 - 2022,13243,2022,2020,2,0,2,,,15,,
2016 - 2018,45017,2018,2016,0,0,0,10343,10794,39,-451,0
2012 - 2014,55093,2014,2012,2,1,1,,,71,,
2016 - 2018,28103,2018,2016,2,1,1,,,16,,
2014 - 2016,28071,2016,2014,2,1,1,,,83,,
2020 - 2022,13023,2022,2020,5,3,2,,,58,,
2016 - 2018,55005,2018,2016,2,1,1,,,52,,
2020 - 2022,13093,2022,2020,4,2,2,,,29,,
2020 - 2022,55027,2022,2020,15,7,8,,,102,,
2016 - 2018,13157,2018,2016,17,14,3,,,194,,
2016 - 2018,13143,2018,2016,6,3,3,,,103,,
2014 - 2016,45053,2016,2014,1,0,1,17883,15566,41,2317,2317
2018 - 2020,13111,2020,2018,0,0,0,,,67,,
2016 - 2018,55001,2018,2016,0,0,0,,,31,,
2016 - 2018,55133,2018,2016,22,11,11,,,726,,
2020 - 2022,13121,2022,2020,201,135,66,,,2001,,
2020 - 2022,13069,2022,2020,1,1,0,,,73,,
2016 - 2018,45015,2018,2016,3,2,1,123608,117906,189,5702,1900
2018 - 2020,55009,2020,2018,36,10,26,,,495,,
2012 - 2014,55019,2014,2012,0,0,0,,,29,,
2018 - 2022,28109,2022,2020,5,3,2,,,69,,
2018 - 2020,13019,2020,2018,0,0,0,,,42,,
2016 - 2018,28031,2018,2016,5,2,3,,,46,,
2012 - 2014,55071,2014,2012,0,0,0,,,137,,
2014 - 2016,45081,2016,2014,0,0,0,11817,11037,44,780,0
2016 - 2018,55057,2018,2016,2,1,1,,,34,,
2014 - 2016,55067,2016,2014,0,0,0,,,22,,
2016 - 2018,55051,2018,2016,0,0,0,,,8,,
2020 - 2022,45049,2022,2020,4,2,2,12067,13190,34,-1123,280
2018 - 2022,28075,2022,2020,42,20,22,,,105,,
2018 - 2020,13147,2020,2018,0,0,0,,,112,,
2012 - 2014,45061,2014,2012,0,0,0,11945,12090,46,-145,0
2016 - 2018,13171,2018,2016,4,2,2,,,101,,
2020 - 2022,55045,2022,2020,8,4,4,,,64,,
2012 - 2014,45081,2014,2012,0,0,0,11037,11319,44,-282,0
2018 - 2022,28093,2022,2020,10,4,6,,,48,,
2012 - 2014,55013,2014,2012,0,0,0,,,19,,
2018 - 2022,28011,2022,2020,37,19,18,,,36,,
2018 - 2020,13129,2020,2018,4,2,2,,,162,,
2020 - 2022,45021,2022,2020,5,2,3,33504,35218,143,-1714,342
2016 - 2018,45069,2018,2016,0,0,0,17411,18477,57,-1066,0
2012 - 2014,55119,2014,2012,0,0,0,,,21,,
2016 - 2018,28033,2018,2016,6,3,3,,,370,,
2020 - 2022,13273,2022,2020,0,0,0,,,27,,
2020 - 2022,13091,2022,2020,22,15,7,,,41,,
2020 - 2022,13015,2022,2020,2,2,0,,,235,,
2018 - 2020,55105,2020,2018,17,4,13,,,226,,
2018 - 2022,28041,2022,2020,2,1,1,,,19,,
2018 - 2020,55021,2020,2018,4,2,2,,,75,,
2020 - 2022,13269,2022,2020,3,2,1,,,21,,
2018 - 2020,45087,2020,2018,1,1,0,17512,16279,53,1233,1233
2016 - 2018,28133,2018,2016,6,4,2,,,38,,
2012 - 2014,28077,2014,2012,0,0,0,,,29,,
2018 - 2022,28043,2022,2020,1,1,0,,,51,,
2012 - 2014,45005,2014,2012,0,0,0,5802,5793,25,9,0
2012 - 2014,45015,2014,2012,7,5,2,104441,103826,172,615,87
2020 - 2022,13019,2022,2020,2,1,1,,,40,,
2016 - 2018,28129,2018,2016,0,0,0,,,25,,
2016 - 2018,13195,2018,2016,8,4,4,,,102,,
2016 - 2018,28115,2018,2016,26,26,0,,,63,,
2020 - 2022,55017,2022,2020,16,8,8,,,65,,
2016 - 2018,28157,2018,2016,5,2,3,,,13,,
2014 - 2016,45089,2016,2014,1,0,1,22646,21692,35,954,954
2014 - 2016,45035,2016,2014,4,1,3,99789,89185,259,10604,2651
2020 - 2022,13317,2022,2020,0,0,0,,,21,,
2018 - 2022,28013,2022,2020,3,0,3,,,23,,
2014 - 2016,45061,2016,2014,0,0,0,12205,11945,44,260,0
2018 - 2020,55011,2020,2018,5,3,2,,,19,,
2020 - 2022,13125,2022,2020,0,0,0,,,20,,
2020 - 2022,55003,2022,2020,3,2,1,,,15,,
2018 - 2020,45023,2020,2018,4,2,2,21709,19941,56,1768,442
2012 - 2014,28083,2014,2012,1,1,0,,,54,,
2018 - 2020,55003,2020,2018,5,2,3,,,15,,
2020 - 2022,13095,2022,2020,22,11,11,,,264,,
2020 - 2022,13051,2022,2020,72,38,34,,,681,,
2018 - 2020,13071,2020,2018,0,0,0,,,83,,
2012 - 2014,28093,2014,2012,0,0,0,,,52,,
2020 - 2022,45027,2022,2020,1,1,0,22043,24011,52,-1968,1968
2012 - 2014,28013,2014,2012,1,1,0,,,25,,
2016 - 2018,28135,2018,2016,4,1,3,,,22,,
2020 - 2022,55089,2022,2020,18,9,9,,,391,,
2012 - 2014,55139,2014,2012,1,1,0,,,388,,
2012 - 2014,28127,2014,2012,0,0,0,,,47,,
2018 - 2020,13247,2020,2018,18,8,10,,,694,,
2020 - 2022,45025,2022,2020,0,0,0,26214,27447,55,-1233,0
2018 - 2020,45051,2020,2018,15,7,8,254569,214821,304,39748,2649
2018 - 2020,13151,2020,2018,17,8,9,,,722,,
2016 - 2018,13053,2018,2016,0,0,0,,,43,,
2014 - 2016,55121,2016,2014,12,6,6,,,40,,
2020 - 2022,13005,2022,2020,0,0,0,,,39,,
2020 - 2022,55093,2022,2020,6,3,3,,,74,,
2014 - 2016,28049,2016,2014,26,7,19,,,281,,
2016 - 2018,28053,2018,2016,2,1,1,,,20,,
2016 - 2018,13115,2018,2016,2,1,1,,,190,,
2014 - 2016,45083,2016,2014,15,6,9,177635,160749,364,16886,1125
2012 - 2014,55103,2014,2012,4,2,2,,,30,,
2012 - 2014,55029,2014,2012,0,0,0,,,58,,
2014 - 2016,45023,2016,2014,0,0,0,20979,19994,56,985,0
2014 - 2016,55003,2016,2014,2,1,1,,,15,,
2018 - 2020,13269,2020,2018,0,0,0,,,22,,
2020 - 2022,55049,2022,2020,6,3,3,,,31,,
2018 - 2020,13281,2020,2018,0,0,0,,,71,,
2020 - 2022,55069,2022,2020,0,0,0,,,32,,
2012 - 2014,45023,2014,2012,1,1,0,19994,20345,56,-351,351
2020 - 2022,13225,2022,2020,1,1,0,,,185,,
2012 - 2014,55125,2014,2012,0,0,0,,,25,,
2020 - 2022,13075,2022,2020,1,1,0,,,75,,
2016 - 2018,28123,2018,2016,9,8,1,,,47,,
2016 - 2018,13261,2018,2016,3,1,2,,,63,,
2020 - 2022,55055,2022,2020,10,5,5,,,152,,
2014 - 2016,55015,2016,2014,6,4,2,,,156,,
2012 - 2014,55111,2014,2012,7,2,5,,,75,,
2018 - 2020,13255,2020,2018,7,2,5,,,337,,
2020 - 2022,13305,2022,2020,4,2,2,,,47,,
2020 - 2022,13313,2022,2020,25,13,12,,,355,,
2014 - 2016,55109,2016,2014,3,1,2,,,120,,
2014 - 2016,55117,2016,2014,11,4,7,,,225,,
2016 - 2018,45075,2018,2016,0,0,0,56318,58756,80,-2438,0
2014 - 2016,28035,2016,2014,28,0,28,,,164,,
2016 - 2018,13039,2018,2016,14,7,7,,,84,,
2016 - 2018,55135,2018,2016,7,3,4,,,69,,
2012 - 2014,28037,2014,2012,11,11,0,,,14,,
2018 - 2020,13051,2020,2018,3,2,1,,,669,,
2016 - 2018,45051,2018,2016,6,4,2,214821,204929,283,9892,1648
2016 - 2018,28047,2018,2016,21,8,13,,,353,,
2016 - 2018,13069,2018,2016,0,0,0,,,73,,
2016 - 2018,55043,2018,2016,4,2,2,,,45,,
2016 - 2018,13279,2018,2016,2,1,1,,,74,,
2018 - 2020,45047,2020,2018,18,7,11,43318,40458,155,2860,158
2020 - 2022,45065,2022,2020,3,2,1,7609,7641,27,-32,10
2016 - 2018,55003,2018,2016,2,1,1,,,15,,
2014 - 2016,55021,2016,2014,6,3,3,,,74,,
2018 - 2020,45049,2020,2018,1,1,0,13190,12530,34,660,660
2020 - 2022,13175,2022,2020,5,3,2,,,61,,
2020 - 2022,13215,2022,2020,31,8,23,,,944,,
2012 - 2014,45045,2014,2012,15,7,8,286128,286438,595,-310,20
2014 - 2016,55095,2016,2014,4,2,2,,,48,,
2012 - 2014,28133,2014,2012,3,2,1,,,41,,
2014 - 2016,55111,2016,2014,3,2,1,,,76,,
2018 - 2022,28027,2022,2020,17,17,0,,,39,,
2020 - 2022,13011,2022,2020,15,2,13,,,78,,
2016 - 2018,13119,2018,2016,4,2,2,,,86,,
2016 - 2018,28043,2018,2016,1,0,1,,,50,,
2018 - 2020,55078,2020,2018,2,1,1,,,13,,
2014 - 2016,55037,2016,2014,0,0,0,,,9,,
2016 - 2018,28049,2018,2016,26,9,17,,,278,,
2014 - 2016,28081,2016,2014,3,2,1,,,190,,
2020 - 2022,13071,2022,2020,9,5,4,,,84,,
2018 - 2022,28021,2022,2020,4,2,2,,,19,,
2016 - 2018,28117,2018,2016,6,3,3,,,61,,
2012 - 2014,28109,2014,2012,0,0,0,,,68,,
2018 - 2020,13095,2020,2018,2,1,1,,,270,,
2016 - 2018,13159,2018,2016,0,0,0,,,37,,
2016 - 2018,55079,2018,2016,30,13,17,,,3951,,
2014 - 2016,55025,2016,2014,20,12,8,,,432,,
2016 - 2018,13287,2018,2016,0,0,0,,,28,,
2018 - 2020,55099,2020,2018,2,1,1,,,11,,
2014 - 2016,55039,2016,2014,6,3,3,,,142,,
2020 - 2022,55067,2022,2020,2,1,1,,,22,,
2020 - 2022,45047,2022,2020,14,9,5,40336,43318,152,-2982,213
2016 - 2018,13303,2018,2016,2,1,1,,,30,,
2016 - 2018,55091,2018,2016,0,0,0,,,31,,
2018 - 2020,13159,2020,2018,0,0,0,,,38,,
2018 - 2020,55059,2020,2018,15,1,14,,,622,,
2018 - 2020,55081,2020,2018,2,1,1,,,51,,
2020 - 2022,13123,2022,2020,3,2,1,,,73,,
2012 - 2014,55087,2014,2012,2,1,1,,,281,,
2020 - 2022,13027,2022,2020,5,3,2,,,33,,
2016 - 2018,55007,2018,2016,2,1,1,,,10,,
2016 - 2018,55115,2018,2016,4,2,2,,,46,,
2018 - 2022,28163,2022,2020,3,2,1,,,30,,
2018 - 2022,28157,2022,2020,7,4,3,,,13,,
2020 - 2022,13297,2022,2020,13,7,6,,,292,,
2020 - 2022,13239,2022,2020,3,2,1,,,15,,
2018 - 2022,28047,2022,2020,53,27,26,,,362,,
2016 - 2018,13201,2018,2016,0,0,0,,,21,,
2012 - 2014,28051,2014,2012,16,16,0,,,25,,
2020 - 2022,13003,2022,2020,2,1,1,,,24,,
2018 - 2020,45063,2020,2018,9,3,6,200416,178891,422,21525,2391
2020 - 2022,13257,2022,2020,2,2,0,,,149,,
2012 - 2014,28157,2014,2012,0,0,0,,,14,,
2018 - 2020,13193,2020,2018,0,0,0,,,33,,
2016 - 2018,45029,2018,2016,1,1,0,24091,25270,36,-1179,1179
2012 - 2014,28149,2014,2012,21,11,10,,,82,,
2012 - 2014,28035,2014,2012,4,3,1,,,163,,
2018 - 2020,13271,2020,2018,6,3,3,,,36,,
2014 - 2016,55127,2016,2014,6,3,3,,,186,,
2018 - 2020,13309,2020,2018,0,0,0,,,27,,
2016 - 2018,28109,2018,2016,19,6,13,,,68,,
2018 - 2020,13027,2020,2018,0,0,0,,,32,,
2020 - 2022,45089,2022,2020,4,2,2,20266,22213,33,-1947,486
2018 - 2020,55051,2020,2018,0,0,0,,,7,,
2016 - 2018,28119,2018,2016,2,1,1,,,18,,
2018 - 2022,28151,2022,2020,4,3,1,,,63,,
2020 - 2022,13191,2022,2020,5,2,3,,,26,,
2020 - 2022,13129,2022,2020,3,2,1,,,161,,
2012 - 2014,55027,2014,2012,2,1,1,,,101,,
2014 - 2016,28079,2016,2014,18,0,18,,,39,,
2020 - 2022,13177,2022,2020,5,3,2,,,91,,
2012 - 2014,28007,2014,2012,3,2,1,,,26,,
2020 - 2022,45037,2022,2020,2,1,1,17909,18320,52,-411,205
2020 - 2022,45087,2022,2020,6,3,3,16259,17512,53,-1253,208
2018 - 2022,28035,2022,2020,47,24,23,,,167,,
2016 - 2018,13277,2018,2016,2,1,1,,,155,,
2016 - 2018,55027,2018,2016,2,1,1,,,100,,
2016 - 2018,13151,2018,2016,51,26,25,,,695,,
2018 - 2022,28089,2022,2020,60,30,30,,,152,,
2020 - 2022,55057,2022,2020,0,0,0,,,35,,
2012 - 2014,28131,2014,2012,2,1,1,,,40,,
2018 - 2020,13157,2020,2018,17,3,14,,,207,,
2012 - 2014,55135,2014,2012,9,5,4,,,70,,
2016 - 2018,13043,2018,2016,0,0,0,,,45,,
2012 - 2014,45029,2014,2012,1,1,0,23414,23870,36,-456,456
2018 - 2020,13149,2020,2018,2,1,1,,,40,,
2014 - 2016,28145,2016,2014,1,0,1,,,67,,
2018 - 2020,13047,2020,2018,0,0,0,,,414,,
2014 - 2016,55069,2016,2014,0,0,0,,,32,,
2020 - 2022,13255,2022,2020,4,3,1,,,340,,
2020 - 2022,55013,2022,2020,4,2,2,,,20,,
2020 - 2022,45003,2022,2020,54,26,28,116055,122919,157,-6864,127
2014 - 2016,45079,2016,2014,1,0,1,252739,240416,531,12323,12323
2020 - 2022,13187,2022,2020,2,2,0,,,117,,
2012 - 2014,28015,2014,2012,3,1,2,,,17,,
2016 - 2018,13315,2018,2016,3,2,1,,,23,,
2018 - 2020,13081,2020,2018,0,0,0,,,83,,
2018 - 2022,28139,2022,2020,24,13,11,,,48,,
2012 - 2014,55113,2014,2012,0,0,0,,,13,,
2016 - 2018,13051,2018,2016,19,8,11,,,663,,
2012 - 2014,45003,2014,2012,2,1,1,102481,102274,152,207,103
2016 - 2018,13167,2018,2016,2,1,1,,,32,,
2014 - 2016,45055,2016,2014,4,2,2,41676,39116,87,2560,640
2014 - 2016,55063,2016,2014,10,4,6,,,260,,
2012 - 2014,28113,2014,2012,13,4,9,,,98,,
2016 - 2018,28091,2018,2016,5,2,3,,,46,,
2016 - 2018,45003,2018,2016,15,7,8,110093,110956,156,-863,57
2012 - 2014,55129,2014,2012,3,2,1,,,20,,
2012 - 2014,45033,2014,2012,0,0,0,19444,19865,78,-421,0
2016 - 2018,28009,2018,2016,1,0,1,,,20,,
2012 - 2014,28137,2014,2012,6,4,2,,,71,,
2016 - 2018,55035,2018,2016,3,2,1,,,161,,
2018 - 2020,13237,2020,2018,0,0,0,,,64,,
2012 - 2014,55079,2014,2012,19,9,10,,,3948,,
2016 - 2018,55093,2018,2016,5,2,3,,,72,,
2016 - 2018,45005,2018,2016,0,0,0,5825,6035,23,-210,0
2014 - 2016,55047,2016,2014,1,0,1,,,54,,
2020 - 2022,13045,2022,2020,6,3,3,,,237,,
2012 - 2014,45071,2014,2012,0,0,0,22130,22430,60,-300,0
2014 - 2016,28069,2016,2014,10,10,0,,,13,,
2014 - 2016,28011,2016,2014,4,2,2,,,38,,
2020 - 2022,13299,2022,2020,6,3,3,,,40,,
2012 - 2014,45089,2014,2012,0,0,0,21692,21989,36,-297,0
2016 - 2018,55105,2018,2016,10,5,5,,,225,,
2014 - 2016,28115,2016,2014,25,0,25,,,62,,
2020 - 2022,55127,2022,2020,20,10,10,,,191,,
2018 - 2020,55023,2020,2018,2,1,1,,,28,,
2018 - 2020,13105,2020,2018,0,0,0,,,55,,
2018 - 2020,13299,2020,2018,2,1,1,,,40,,
2020 - 2022,13117,2022,2020,21,18,3,,,1094,,
2018 - 2020,55139,2020,2018,19,7,12,,,393,,
2012 - 2014,28147,2014,2012,1,0,1,,,37,,
2016 - 2018,13285,2018,2016,5,3,2,,,169,,
2018 - 2022,28085,2022,2020,32,17,15,,,60,,
2016 - 2018,13299,2018,2016,7,4,3,,,40,,
2018 - 2020,45045,2020,2018,26,10,16,350535,312870,657,37665,1448
2018 - 2020,55115,2020,2018,0,0,0,,,46,,
2016 - 2018,28045,2018,2016,2,1,1,,,98,,
2018 - 2020,55045,2020,2018,9,4,5,,,63,,
2016 - 2018,28131,2018,2016,7,7,0,,,41,,
2016 - 2018,13207,2018,2016,0,0,0,,,68,,
2016 - 2018,13179,2018,2016,4,2,2,,,120,,
2012 - 2014,28017,2014,2012,0,0,0,,,35,,
2018 - 2020,13013,2020,2018,0,0,0,,,505,,
2016 - 2018,55103,2018,2016,2,1,1,,,30,,
2018 - 2020,13207,2020,2018,0,0,0,,,69,,
2020 - 2022,45041,2022,2020,41,22,19,82842,91575,171,-8733,213
2020 - 2022,13047,2022,2020,4,2,2,,,417,,
2012 - 2014,28045,2014,2012,13,5,8,,,95,,
2020 - 2022,13295,2022,2020,3,2,1,,,152,,
2018 - 2020,55031,2020,2018,2,1,1,,,33,,
2016 - 2018,28069,2018,2016,12,0,12,,,13,,
2016 - 2018,13111,2018,2016,2,1,1,,,64,,
2020 - 2022,13221,2022,2020,1,1,0,,,34,,
2018 - 2020,13091,2020,2018,0,0,0,,,42,,
2016 - 2018,28021,2018,2016,1,1,0,,,19,,
2018 - 2020,13093,2020,2018,0,0,0,,,35,,
2020 - 2022,55131,2022,2020,17,9,8,,,317,,
2012 - 2014,28163,2014,2012,20,20,0,,,30,,
2020 - 2022,55025,2022,2020,150,88,62,,,464,,
2018 - 2022,28117,2022,2020,6,3,3,,,60,,
2014 - 2016,28009,2016,2014,0,0,0,,,21,,
2020 - 2022,55047,2022,2020,1,1,0,,,54,,
2018 - 2020,55075,2020,2018,3,2,1,,,29,,
2016 - 2018,55053,2018,2016,3,1,2,,,21,,
2014 - 2016,28033,2016,2014,12,7,5,,,359,,
2020 - 2022,55043,2022,2020,8,4,4,,,46,,
2014 - 2016,28067,2016,2014,1,1,0,,,98,,
2014 - 2016,28083,2016,2014,3,2,1,,,51,,
2020 - 2022,13131,2022,2020,4,2,2,,,57,,
2014 - 2016,45063,2016,2014,0,0,0,176239,161424,397,14815,0
2012 - 2014,45059,2014,2012,6,2,4,36259,36903,93,-644,107
2016 - 2018,28087,2018,2016,7,4,3,,,118,,
2012 - 2014,28025,2014,2012,2,1,1,,,50,,
2016 - 2018,13275,2018,2016,9,6,3,,,82,,
2012 - 2014,28067,2014,2012,16,5,11,,,98,,
2018 - 2020,13075,2020,2018,0,0,0,,,75,,
2016 - 2018,13301,2018,2016,0,0,0,,,19,,
2016 - 2018,28073,2018,2016,3,2,1,,,123,,
2018 - 2020,13153,2020,2018,1,0,1,,,413,,
2020 - 2022,13163,2022,2020,5,3,2,,,30,,
2016 - 2018,13015,2018,2016,4,2,2,,,225,,
2016 - 2018,28067,2018,2016,2,1,1,,,99,,
2014 - 2016,28097,2016,2014,9,6,3,,,25,,
2020 - 2022,13207,2022,2020,3,2,1,,,70,,
2018 - 2020,13273,2020,2018,0,0,0,,,26,,
2018 - 2022,28107,2022,2020,8,4,4,,,49,,
2020 - 2022,13157,2022,2020,3,2,1,,,217,,
2016 - 2018,13197,2018,2016,0,0,0,,,23,,
2016 - 2018,55045,2018,2016,0,0,0,,,63,,
2012 - 2014,55021,2014,2012,2,1,1,,,74,,
2012 - 2014,28069,2014,2012,0,0,0,,,13,,
2018 - 2020,55015,2020,2018,6,3,3,,,157,,
2020 - 2022,13151,2022,2020,46,24,22,,,742,,
2014 - 2016,55051,2016,2014,2,1,1,,,8,,
2018 - 2020,13311,2020,2018,0,0,0,,,124,,
2014 - 2016,55081,2016,2014,4,2,2,,,50,,
2016 - 2018,13061,2018,2016,0,0,0,,,15,,
2016 - 2018,13165,2018,2016,2,2,0,,,25,,
2016 - 2018,13233,2018,2016,4,2,2,,,134,,
2014 - 2016,28077,2016,2014,0,0,0,,,29,,
2018 - 2020,13307,2020,2018,0,0,0,,,12,,
2018 - 2020,13235,2020,2018,0,0,0,,,45,,
2014 - 2016,28141,2016,2014,3,2,1,,,46,,
2016 - 2018,45047,2018,2016,2,2,0,40458,41698,155,-1240,620
2012 - 2014,45025,2014,2012,0,0,0,24752,24360,58,392,0
2018 - 2020,45055,2020,2018,14,6,8,44370,41433,91,2937,209
2018 - 2020,13301,2020,2018,0,0,0,,,18,,
2020 - 2022,45067,2022,2020,2,1,1,20431,21828,60,-1397,698
2018 - 2020,45075,2020,2018,1,1,0,58785,56318,79,2467,2467
2016 - 2018,55069,2018,2016,0,0,0,,,32,,
2016 - 2018,13013,2018,2016,12,10,2,,,477,,
2018 - 2020,13249,2020,2018,0,0,0,,,31,,
2014 - 2016,55055,2016,2014,3,1,2,,,152,,
2018 - 2020,55135,2020,2018,11,5,6,,,68,,
2016 - 2018,28111,2018,2016,2,0,2,,,19,,
2012 - 2014,55095,2014,2012,2,1,1,,,48,,
2012 - 2014,55061,2014,2012,2,1,1,,,60,,
2016 - 2018,28013,2018,2016,3,2,1,,,25,,
2018 - 2022,28065,2022,2020,9,4,5,,,28,,
2018 - 2022,28059,2022,2020,32,19,13,,,198,,
2016 - 2018,28155,2018,2016,2,1,1,,,23,,
2018 - 2020,13227,2020,2018,0,0,0,,,138,,
2012 - 2014,28019,2014,2012,1,1,0,,,20,,
2020 - 2022,45051,2022,2020,77,39,38,261725,254569,304,7156,92
2018 - 2020,55001,2020,2018,2,1,1,,,31,,
2018 - 2020,55131,2020,2018,6,2,4,,,315,,
2020 - 2022,13233,2022,2020,3,2,1,,,138,,
2012 - 2014,45041,2014,2012,1,0,1,82099,83379,173,-1280,1280
2018 - 2020,13115,2020,2018,2,1,1,,,192,,
2020 - 2022,13197,2022,2020,0,0,0,,,21,,
2012 - 2014,28101,2014,2012,5,1,4,,,38,,
2016 - 2018,28093,2018,2016,1,1,0,,,51,,
2012 - 2014,28073,2014,2012,3,1,2,,,117,,
2018 - 2020,13015,2020,2018,3,1,2,,,232,,
2018 - 2020,13033,2020,2018,2,1,1,,,27,,
2020 - 2022,13285,2022,2020,4,2,2,,,168,,
2016 - 2018,13067,2018,2016,88,43,45,,,2193,,
2018 - 2022,28057,2022,2020,16,8,8,,,45,,
2012 - 2014,45087,2014,2012,0,0,0,16986,17281,55,-295,0
2016 - 2018,28051,2018,2016,6,4,2,,,24,,
2018 - 2022,28007,2022,2020,12,6,6,,,25,,
2016 - 2018,13273,2018,2016,0,0,0,,,26,,
2018 - 2020,13275,2020,2018,0,0,0,,,82,,
2014 - 2016,55078,2016,2014,0,0,0,,,12,,
2018 - 2020,45067,2020,2018,0,0,0,21828,20883,63,945,0
2016 - 2018,55031,2018,2016,2,1,1,,,33,,
2012 - 2014,28031,2014,2012,2,1,1,,,47,,
2014 - 2016,45015,2016,2014,8,7,1,117906,104441,181,13465,1683
2020 - 2022,13001,2022,2020,5,2,3,,,36,,
2016 - 2018,55089,2018,2016,8,4,4,,,379,,
2012 - 2014,45091,2014,2012,9,6,3,148767,143339,346,5428,603
2016 - 2018,13199,2018,2016,6,3,3,,,42,,
2014 - 2016,28041,2016,2014,4,2,2,,,20,,
2012 - 2014,55031,2014,2012,4,2,2,,,34,,
2014 - 2016,28043,2016,2014,2,1,1,,,51,,
2012 - 2014,45011,2014,2012,0,0,0,13276,14115,41,-839,0
2020 - 2022,55015,2022,2020,7,3,4,,,164,,
2018 - 2022,28063,2022,2020,2,1,1,,,14,,
2012 - 2014,45009,2014,2012,0,0,0,9593,9632,40,-39,0
2020 - 2022,13303,2022,2020,3,2,1,,,30,,
2014 - 2016,45049,2016,2014,0,0,0,12991,12784,36,207,0
2014 - 2016,28023,2016,2014,4,2,2,,,23,,
2016 - 2018,13271,2018,2016,9,5,4,,,37,,
2016 - 2018,13205,2018,2016,0,0,0,,,44,,
2018 - 2022,28019,2022,2020,10,4,6,,,20,,
2020 - 2022,13013,2022,2020,17,5,12,,,510,,
2016 - 2018,55055,2018,2016,4,2,2,,,152,,
2014 - 2016,55053,2016,2014,0,0,0,,,21,,
2020 - 2022,45053,2022,2020,9,5,4,22369,21865,43,504,56
2020 - 2022,13251,2022,2020,2,1,1,,,22,,
2012 - 2014,55043,2014,2012,2,1,1,,,45,,
2014 - 2016,55089,2016,2014,4,2,2,,,376,,
2020 - 2022,45017,2022,2020,0,0,0,10345,11016,37,-671,0
2020 - 2022,45001,2022,2020,0,0,0,15982,16575,50,-593,0
2016 - 2018,13137,2018,2016,2,1,1,,,160,,
2018 - 2020,13079,2020,2018,4,2,2,,,38,,
2016 - 2018,55139,2018,2016,20,10,10,,,391,,
2018 - 2022,28141,2022,2020,5,3,2,,,45,,
2020 - 2022,13099,2022,2020,0,0,0,,,21,,
2012 - 2014,55075,2014,2012,0,0,0,,,30,,
2016 - 2018,13263,2018,2016,0,0,0,,,16,,
2016 - 2018,55017,2018,2016,1,0,1,,,63,,
2016 - 2018,55099,2018,2016,1,0,1,,,11,,
2012 - 2014,45067,2014,2012,0,0,0,21310,21652,66,-342,0
2020 - 2022,55139,2022,2020,49,25,24,,,394,,
2018 - 2020,45015,2020,2018,12,9,3,144862,123608,201,21254,1771
2018 - 2020,13063,2020,2018,2,1,1,,,2030,,
2016 - 2018,13229,2018,2016,0,0,0,,,56,,
2014 - 2016,28007,2016,2014,2,1,1,,,26,,
2020 - 2022,13307,2022,2020,2,1,1,,,11,,
2018 - 2020,13139,2020,2018,2,1,1,,,513,,
2020 - 2022,13235,2022,2020,2,1,1,,,40,,
2014 - 2016,55141,2016,2014,6,3,3,,,93,,
2020 - 2022,13217,2022,2020,11,6,5,,,406,,
2014 - 2016,28105,2016,2014,14,7,7,,,108,,
2020 - 2022,13025,2022,2020,3,2,1,,,41,,
2018 - 2022,28161,2022,2020,5,3,2,,,27,,
2016 - 2018,13031,2018,2016,9,4,5,,,111,,
2020 - 2022,13109,2022,2020,1,1,0,,,59,,
2016 - 2018,13059,2018,2016,5,1,4,,,1045,,
2012 - 2014,28003,2014,2012,2,1,1,,,93,,
2014 - 2016,28029,2016,2014,6,3,3,,,37,,
2018 - 2022,28083,2022,2020,6,3,3,,,48,,
2016 - 2018,13123,2018,2016,2,1,1,,,70,,
2016 - 2018,13173,2018,2016,5,4,1,,,53,,
2016 - 2018,13291,2018,2016,0,0,0,,,71,,
2014 - 2016,55123,2016,2014,7,4,3,,,38,,
2020 - 2022,55123,2022,2020,7,3,4,,,39,,
2018 - 2022,28087,2022,2020,15,7,8,,,117,,
2014 - 2016,55023,2016,2014,4,2,2,,,29,,
2018 - 2020,13103,2020,2018,4,2,2,,,130,,
2016 - 2018,13189,2018,2016,7,5,2,,,83,,
2020 - 2022,13105,2022,2020,4,2,2,,,55,,
2020 - 2022,55111,2022,2020,5,2,3,,,79,,
2020 - 2022,55063,2022,2020,26,13,13,,,266,,
2018 - 2020,55065,2020,2018,5,2,3,,,26,,
2012 - 2014,55063,2014,2012,6,3,3,,,258,,
2014 - 2016,28019,2016,2014,3,1,2,,,20,,
2016 - 2018,45081,2018,2016,0,0,0,11259,11817,45,-558,0
2020 - 2022,45043,2022,2020,16,9,7,48343,47196,77,1147,71
2016 - 2018,28097,2018,2016,3,2,1,,,25,,
2016 - 2018,45019,2018,2016,17,5,12,275909,277036,430,-1127,66
2012 - 2014,45027,2014,2012,0,0,0,22706,22982,57,-276,0
2020 - 2022,13209,2022,2020,3,2,1,,,36,,
2016 - 2018,13093,2018,2016,4,2,2,,,35,,
2018 - 2020,45073,2020,2018,7,4,3,55810,49509,125,6301,900
2020 - 2022,13281,2022,2020,2,0,2,,,74,,
2016 - 2018,45065,2018,2016,0,0,0,7029,7093,27,-64,0
2020 - 2022,13253,2022,2020,1,1,0,,,38,,
2016 - 2018,13283,2018,2016,2,1,1,,,34,,
2020 - 2022,55071,2022,2020,22,10,12,,,138,,
2012 - 2014,28029,2014,2012,2,1,1,,,37,,
2020 - 2022,13279,2022,2020,3,2,1,,,74,,
2014 - 2016,55027,2016,2014,4,2,2,,,101,,
2016 - 2018,28127,2018,2016,0,0,0,,,46,,
2020 - 2022,45055,2022,2020,16,8,8,42777,44370,89,-1593,99
2016 - 2018,45059,2018,2016,4,2,2,38270,39516,93,-1246,311
2014 - 2016,45005,2016,2014,1,0,1,6035,5802,23,233,233
2018 - 2022,28053,2022,2020,2,1,1,,,19,,
2016 - 2018,13121,2018,2016,151,50,101,,,1940,,
2014 - 2016,45091,2016,2014,11,5,6,167053,148767,361,18286,1662
2016 - 2018,13035,2018,2016,6,5,1,,,129,,
2012 - 2014,45083,2014,2012,1,0,1,160749,160319,357,430,430
2018 - 2020,55071,2020,2018,9,4,5,,,134,,
2020 - 2022,13101,2022,2020,1,1,0,,,9,,
2020 - 2022,55039,2022,2020,13,6,7,,,144,,
2018 - 2020,13133,2020,2018,7,2,5,,,46,,
2020 - 2022,13219,2022,2020,14,5,9,,,222,,
2018 - 2020,55127,2020,2018,12,6,6,,,186,,
2016 - 2018,45085,2018,2016,2,1,1,67355,68619,161,-1264,632
2016 - 2018,45039,2018,2016,0,0,0,15360,15885,33,-525,0
2020 - 2022,55109,2022,2020,8,4,4,,,128,,
2016 - 2018,13127,2018,2016,11,6,5,,,200,,
2012 - 2014,45035,2014,2012,2,1,1,89185,87381,249,1804,902
2014 - 2016,55005,2016,2014,4,2,2,,,53,,
2012 - 2014,28121,2014,2012,6,5,1,,,188,,
2016 - 2018,13187,2018,2016,1,0,1,,,113,,
2016 - 2018,13129,2018,2016,4,2,2,,,160,,
2020 - 2022,45073,2022,2020,6,3,3,54116,55810,124,-1694,282
2016 - 2018,55083,2018,2016,0,0,0,,,38,,
2020 - 2022,55059,2022,2020,31,19,12,,,621,,
2020 - 2022,13145,2022,2020,7,4,3,,,74,,
2012 - 2014,45039,2014,2012,0,0,0,15381,15615,34,-234,0
2012 - 2014,55097,2014,2012,12,6,6,,,88,,
2016 - 2018,55067,2018,2016,0,0,0,,,22,,
2020 - 2022,55135,2022,2020,1,0,1,,,69,,
2018 - 2022,28145,2022,2020,16,9,7,,,67,,
2018 - 2020,55017,2020,2018,5,3,2,,,64,,
2018 - 2020,13057,2020,2018,3,1,2,,,603,,
2020 - 2022,55078,2022,2020,0,0,0,,,12,,
2018 - 2020,13073,2020,2018,6,3,3,,,532,,
2018 - 2022,28029,2022,2020,5,2,3,,,37,,
2018 - 2020,13223,2020,2018,8,3,5,,,526,,
2020 - 2022,13261,2022,2020,11,5,6,,,61,,
2014 - 2016,28003,2016,2014,2,1,1,,,93,,
2016 - 2018,13017,2018,2016,4,3,1,,,69,,
2016 - 2018,13253,2018,2016,0,0,0,,,36,,
2014 - 2016,45039,2016,2014,0,0,0,15885,15381,34,504,0
2018 - 2020,55083,2020,2018,2,1,1,,,38,,
2018 - 2020,45009,2020,2018,1,1,0,9606,9282,36,324,324
2016 - 2018,28007,2018,2016,2,1,1,,,25,,
2012 - 2014,55107,2014,2012,1,0,1,,,16,,
2016 - 2018,55015,2018,2016,2,0,2,,,156,,
2018 - 2020,13215,2020,2018,3,1,2,,,903,,
2020 - 2022,13089,2022,2020,71,36,35,,,2835,,
2014 - 2016,28027,2016,2014,17,17,0,,,45,,
2016 - 2018,28079,2018,2016,18,18,0,,,39,,
2014 - 2016,28089,2016,2014,25,6,19,,,143,,
2016 - 2018,45077,2018,2016,14,7,7,69847,68808,247,1039,74
2018 - 2020,13185,2020,2018,2,1,1,,,234,,
2018 - 2020,13251,2020,2018,0,0,0,,,22,,
2018 - 2022,28001,2022,2020,3,2,1,,,65,,
2018 - 2020,13089,2020,2018,19,8,11,,,2821,,
2012 - 2014,45055,2014,2012,0,0,0,39116,39122,86,-6,0
2018 - 2020,13137,2020,2018,0,0,0,,,163,,
2014 - 2016,55033,2016,2014,9,5,4,,,52,,
2018 - 2020,55055,2020,2018,3,2,1,,,152,,
2018 - 2020,13213,2020,2018,7,3,4,,,116,,
2012 - 2014,28141,2014,2012,9,2,7,,,46,,
2018 - 2022,28097,2022,2020,5,3,2,,,24,,
2018 - 2020,13283,2020,2018,0,0,0,,,34,,
2018 - 2020,55089,2020,2018,8,4,4,,,383,,
2020 - 2022,13223,2022,2020,23,14,9,,,530,,
2016 - 2018,28137,2018,2016,3,1,2,,,70,,
2020 - 2022,13079,2022,2020,3,1,2,,,37,,
2016 - 2018,45043,2018,2016,1,1,0,42742,42782,76,-40,40
2014 - 2016,55049,2016,2014,2,1,1,,,31,,
2020 - 2022,13055,2022,2020,12,4,8,,,79,,
2014 - 2016,45029,2016,2014,3,1,2,25270,23414,36,1856,618
2016 - 2018,55039,2018,2016,0,0,0,,,142,,
2018 - 2020,45025,2020,2018,6,4,2,27447,25301,57,2146,357
2014 - 2016,28005,2016,2014,4,2,2,,,17,,
2018 - 2020,13245,2020,2018,5,1,4,,,623,,
2014 - 2016,55129,2016,2014,0,0,0,,,20,,
2020 - 2022,13065,2022,2020,4,2,2,,,8,,
2014 - 2016,28133,2016,2014,5,2,3,,,39,,
2020 - 2022,13155,2022,2020,2,1,1,,,27,,
2018 - 2020,13145,2020,2018,2,1,1,,,75,,
2020 - 2022,45063,2022,2020,65,34,31,195197,200416,417,-5219,80
2020 - 2022,55051,2022,2020,0,0,0,,,8,,
2016 - 2018,13081,2018,2016,4,2,2,,,84,,
2016 - 2018,13231,2018,2016,6,3,3,,,84,,
2014 - 2016,28013,2016,2014,2,0,2,,,25,,
2016 - 2018,13073,2018,2016,19,9,10,,,508,,
2020 - 2022,13189,2022,2020,5,3,2,,,84,,
2020 - 2022,13237,2022,2020,2,1,1,,,63,,
2020 - 2022,45057,2022,2020,30,15,15,69690,67514,172,2176,72
2018 - 2020,13067,2020,2018,14,6,8,,,2227,,
2016 - 2018,13071,2018,2016,0,0,0,,,83,,
2020 - 2022,13039,2022,2020,17,9,8,,,86,,
2020 - 2022,13133,2022,2020,0,0,0,,,48,,
2020 - 2022,45031,2022,2020,8,4,4,41576,45109,113,-3533,441
2016 - 2018,13169,2018,2016,0,0,0,,,72,,
2016 - 2018,55123,2018,2016,0,0,0,,,39,,
2016 - 2018,28055,2018,2016,2,1,1,,,3,,
2012 - 2014,28107,2014,2012,2,1,1,,,50,,
2014 - 2016,28107,2016,2014,2,2,0,,,50,,
2016 - 2018,55023,2018,2016,5,2,3,,,29,,
2018 - 2022,28147,2022,2020,9,7,2,,,35,,
2014 - 2016,28015,2016,2014,1,1,0,,,16,,
2018 - 2020,13123,2020,2018,2,1,1,,,73,,
2020 - 2022,13113,2022,2020,13,7,6,,,606,,
2016 - 2018,28105,2018,2016,8,4,4,,,108,,
2020 - 2022,45009,2022,2020,0,0,0,8448,9606,34,-1158,0
2020 - 2022,55095,2022,2020,8,4,4,,,49,,
2012 - 2014,55059,2014,2012,4,2,2,,,615,,
2020 - 2022,13153,2022,2020,10,5,5,,,429,,
2014 - 2016,28025,2016,2014,0,0,0,,,49,,
2018 - 2020,55033,2020,2018,4,1,3,,,53,,
2012 - 2014,55051,2014,2012,2,1,1,,,8,,
2018 - 2020,55019,2020,2018,5,3,2,,,29,,
2016 - 2018,28003,2018,2016,0,0,0,,,93,,
2020 - 2022,45011,2022,2020,0,0,0,13514,14235,38,-721,0
2012 - 2014,55009,2014,2012,3,1,2,,,477,,
2016 - 2018,13037,2018,2016,2,1,1,,,23,,
2012 - 2014,28103,2014,2012,2,2,0,,,16,,
2020 - 2022,13205,2022,2020,3,2,1,,,43,,
2012 - 2014,55109,2014,2012,2,1,1,,,118,,
2012 - 2014,28071,2014,2012,2,1,1,,,80,,
2014 - 2016,28057,2016,2014,4,3,1,,,44,,
2018 - 2020,55085,2020,2018,5,2,3,,,32,,
2018 - 2020,45031,2020,2018,5,3,2,45109,42361,119,2748,549
2014 - 2016,28045,2016,2014,11,6,5,,,97,,
2012 - 2014,55101,2014,2012,7,3,4,,,587,,
2012 - 2014,55035,2014,2012,4,2,2,,,158,,
2018 - 2022,28129,2022,2020,2,1,1,,,23,,
2018 - 2022,28127,2022,2020,15,8,7,,,44,,
2020 - 2022,13211,2022,2020,3,1,2,,,57,,
2012 - 2014,55099,2014,2012,0,0,0,,,11,,
2014 - 2016,28117,2016,2014,6,2,4,,,61,,
2018 - 2020,45057,2020,2018,10,5,5,67514,58188,174,9326,932
2020 - 2022,45059,2022,2020,10,5,5,39823,42249,94,-2426,242
2012 - 2014,28075,2014,2012,15,5,10,,,114,,
2016 - 2018,28041,2018,2016,6,3,3,,,19,,
2018 - 2020,45091,2020,2018,11,6,5,197666,171233,402,26433,2403
2018 - 2022,28125,2022,2020,2,1,1,,,10,,
2020 - 2022,13139,2022,2020,16,8,8,,,513,,
2018 - 2020,13003,2020,2018,0,0,0,,,24,,
2016 - 2018,13125,2018,2016,0,0,0,,,21,,
2016 - 2018,55037,2018,2016,3,2,1,,,9,,
2012 - 2014,28033,2014,2012,8,4,4,,,349,,
2016 - 2018,13221,2018,2016,2,1,1,,,34,,
2016 - 2018,13009,2018,2016,0,0,0,,,175,,
2018 - 2022,28105,2022,2020,35,17,18,,,112,,
2018 - 2020,13097,2020,2018,6,3,3,,,725,,
2014 - 2016,45019,2016,2014,15,6,9,277036,252881,415,24155,1610
2014 - 2016,28123,2016,2014,10,0,10,,,46,,
2016 - 2018,13099,2018,2016,0,0,0,,,20,,
2014 - 2016,45067,2016,2014,0,0,0,22314,21310,65,1004,0
2014 - 2016,28037,2016,2014,0,0,0,,,14,,
2014 - 2016,28163,2016,2014,2,2,0,,,30,,
2018 - 2020,45071,2020,2018,11,6,5,24832,22849,61,1983,180
2018 - 2020,45019,2020,2018,27,15,12,311565,275909,444,35656,1320
2018 - 2020,55093,2020,2018,9,5,4,,,74,,
2016 - 2018,13029,2018,2016,4,2,2,,,82,,
2018 - 2020,13195,2020,2018,2,1,1,,,105,,
2018 - 2020,13037,2020,2018,2,1,1,,,22,,
2020 - 2022,13097,2022,2020,19,11,8,,,717,,
2016 - 2018,45087,2018,2016,0,0,0,16279,17573,54,-1294,0
2018 - 2020,45011,2020,2018,5,3,2,14235,13379,39,856,171
2016 - 2018,13057,2018,2016,18,10,8,,,574,,
2016 - 2018,45057,2018,2016,1,1,0,58188,54859,163,3329,3329
2012 - 2014,28027,2014,2012,0,0,0,,,46,,
2016 - 2018,45055,2018,2016,0,0,0,41433,41676,89,-243,0
2018 - 2022,28069,2022,2020,11,11,0,,,12,,
2016 - 2018,13193,2018,2016,2,1,1,,,34,,
2018 - 2020,13101,2020,2018,0,0,0,,,9,,
2018 - 2020,45077,2020,2018,19,9,10,78015,69847,252,8168,429
2020 - 2022,13213,2022,2020,3,2,1,,,116,,
2016 - 2018,55109,2018,2016,0,0,0,,,122,,
2018 - 2020,13035,2020,2018,6,1,5,,,133,,
2016 - 2018,13255,2018,2016,7,5,2,,,330,,
2018 - 2020,13297,2020,2018,2,1,1,,,285,,
2012 - 2014,55041,2014,2012,0,0,0,,,9,,
2020 - 2022,55133,2022,2020,67,36,31,,,737,,
2016 - 2018,13103,2018,2016,8,4,4,,,123,,
2018 - 2020,13285,2020,2018,2,1,1,,,169,,
2018 - 2020,45081,2020,2018,14,6,8,12078,11259,45,819,58
2014 - 2016,55101,2016,2014,4,2,2,,,586,,
2018 - 2022,28099,2022,2020,10,5,5,,,51,,
2014 - 2016,28021,2016,2014,4,4,0,,,19,,
2016 - 2018,28141,2018,2016,3,1,2,,,46,,
2020 - 2022,55121,2022,2020,7,3,4,,,42,,
2016 - 2018,55013,2018,2016,2,1,1,,,19,,
2014 - 2016,45011,2016,2014,2,0,2,13797,13276,40,521,260
2012 - 2014,45063,2014,2012,4,4,0,161424,162566,387,-1142,285
2016 - 2018,13117,2018,2016,8,2,6,,,979,,
2012 - 2014,28059,2014,2012,5,3,2,,,194,,
2016 - 2018,13005,2018,2016,4,4,0,,,40,,
2016 - 2018,13063,2018,2016,17,5,12,,,1967,,
2012 - 2014,28063,2014,2012,5,2,3,,,15,,
2016 - 2018,13259,2018,2016,4,2,2,,,13,,
2018 - 2022,28155,2022,2020,16,6,10,,,24,,
2020 - 2022,13271,2022,2020,4,2,2,,,29,,
2018 - 2020,55069,2020,2018,4,2,2,,,32,,
2018 - 2022,28017,2022,2020,8,6,2,,,34,,
2012 - 2014,28153,2014,2012,14,6,8,,,25,,
2014 - 2016,28161,2016,2014,9,9,0,,,27,,
2020 - 2022,45019,2022,2020,38,20,18,264022,311565,441,-47543,1251
2014 - 2016,45033,2016,2014,0,0,0,20037,19444,77,593,0
2012 - 2014,28119,2014,2012,0,0,0,,,20,,
2016 - 2018,13235,2018,2016,0,0,0,,,45,,
2016 - 2018,45021,2018,2016,0,0,0,31735,32085,144,-350,0
2020 - 2022,13291,2022,2020,1,1,0,,,75,,
2012 - 2014,55053,2014,2012,2,1,1,,,21,,
2020 - 2022,45033,2022,2020,2,1,1,17737,19677,70,-1940,970
2012 - 2014,55033,2014,2012,2,1,1,,,52,,
2018 - 2020,13267,2020,2018,2,1,1,,,53,,
2014 - 2016,28059,2016,2014,2,1,1,,,195,,
2018 - 2020,55007,2020,2018,0,0,0,,,10,,
2020 - 2022,55101,2022,2020,33,17,16,,,593,,
2014 - 2016,55059,2016,2014,7,3,4,,,617,,
2018 - 2020,13257,2020,2018,0,0,0,,,145,,
2012 - 2014,55047,2014,2012,0,0,0,,,54,,
2016 - 2018,55059,2018,2016,17,7,10,,,619,,
2018 - 2020,55073,2020,2018,43,21,22,,,88,,
2018 - 2020,13261,2020,2018,0,0,0,,,62,,
2014 - 2016,28073,2016,2014,22,21,1,,,120,,
2020 - 2022,13135,2022,2020,61,31,30,,,2202,,
2018 - 2020,55079,2020,2018,64,12,52,,,3931,,
2016 - 2018,28101,2018,2016,5,3,2,,,37,,
2016 - 2018,13319,2018,2016,0,0,0,,,20,,
2020 - 2022,13231,2022,2020,7,4,3,,,87,,
2014 - 2016,28109,2016,2014,30,28,2,,,68,,
2012 - 2014,55001,2014,2012,0,0,0,,,32,,
2016 - 2018,45045,2018,2016,2,1,1,312870,312676,635,194,97
2012 - 2014,28079,2014,2012,1,1,0,,,40,,
2014 - 2016,28149,2016,2014,6,3,3,,,81,,
2012 - 2014,55083,2014,2012,2,1,1,,,38,,
2020 - 2022,13247,2022,2020,15,8,7,,,716,,
2014 - 2016,28121,2016,2014,14,4,10,,,191,,
2018 - 2020,13045,2020,2018,12,5,7,,,238,,
2016 - 2018,13267,2018,2016,4,2,2,,,53,,
2016 - 2018,13011,2018,2016,9,8,1,,,80,,
2018 - 2020,13263,2020,2018,0,0,0,,,16,,
2018 - 2020,13253,2020,2018,0,0,0,,,35,,
2012 - 2014,55025,2014,2012,4,3,1,,,420,,
2016 - 2018,13321,2018,2016,3,2,1,,,36,,
2014 - 2016,45077,2016,2014,12,6,6,68808,62424,243,6384,532
2018 - 2020,13119,2020,2018,0,0,0,,,88,,
2012 - 2014,55003,2014,2012,2,1,1,,,15,,
2018 - 2020,55053,2020,2018,3,1,2,,,21,,
2018 - 2022,28071,2022,2020,13,7,6,,,88,,
2014 - 2016,55041,2016,2014,0,0,0,,,9,,
2014 - 2016,55045,2016,2014,5,2,3,,,63,,
2018 - 2020,13087,2020,2018,0,0,0,,,45,,
2012 - 2014,55055,2014,2012,0,0,0,,,151,,
2016 - 2018,28015,2018,2016,0,0,0,,,16,,
2014 - 2016,28087,2016,2014,5,2,3,,,118,,
2018 - 2020,13135,2020,2018,10,5,5,,,2151,,
2018 - 2020,13317,2020,2018,0,0,0,,,21,,
2018 - 2020,13205,2020,2018,0,0,0,,,43,,
2020 - 2022,55009,2022,2020,57,35,22,,,504,,
2014 - 2016,55115,2016,2014,2,1,1,,,46,,
2016 - 2018,13147,2018,2016,0,0,0,,,110,,
2014 - 2016,55001,2016,2014,2,1,1,,,31,,
2018 - 2020,13085,2020,2018,0,0,0,,,120,,
2020 - 2022,55041,2022,2020,0,0,0,,,9,,
2016 - 2018,55125,2018,2016,6,3,3,,,25,,
2020 - 2022,13193,2022,2020,4,2,2,,,31,,
2020 - 2022,13309,2022,2020,1,1,0,,,26,,
2016 - 2018,55121,2018,2016,6,3,3,,,40,,
2016 - 2018,13133,2018,2016,7,5,2,,,44,,
2014 - 2016,55043,2016,2014,17,8,9,,,45,,
2016 - 2018,55097,2018,2016,5,2,3,,,88,,
2014 - 2016,55139,2016,2014,8,3,5,,,390,,
2014 - 2016,45043,2016,2014,0,0,0,42782,41109,75,1673,0
2012 - 2014,55117,2014,2012,10,2,8,,,225,,
2018 - 2022,28153,2022,2020,8,4,4,,,24,,
2012 - 2014,28087,2014,2012,2,1,1,,,118,,
2020 - 2022,13021,2022,2020,16,9,7,,,628,,
2014 - 2016,28091,2016,2014,4,2,2,,,48,,
2018 - 2020,45053,2020,2018,4,2,2,21865,18755,45,3110,777
2020 - 2022,45023,2022,2020,2,1,1,20179,21709,56,-1530,765
2018 - 2020,13025,2020,2018,0,0,0,,,43,,
2014 - 2016,45065,2016,2014,0,0,0,7093,6634,27,459,0
2016 - 2018,28057,2018,2016,21,21,0,,,44,,
2020 - 2022,55035,2022,2020,36,18,18,,,165,,
2018 - 2020,13315,2020,2018,3,1,2,,,23,,
2020 - 2022,13147,2022,2020,5,3,2,,,111,,
2012 - 2014,55115,2014,2012,0,0,0,,,47,,
2018 - 2022,28055,2022,2020,1,0,1,,,3,,
2012 - 2014,55137,2014,2012,0,0,0,,,39,,
2016 - 2018,13245,2018,2016,11,7,4,,,621,,
2012 - 2014,28061,2014,2012,0,0,0,,,25,,
2016 - 2018,28089,2018,2016,23,20,3,,,145,,
2014 - 2016,28065,2016,2014,11,9,2,,,29,,
2020 - 2022,13181,2022,2020,0,0,0,,,37,,
2016 - 2018,13225,2018,2016,0,0,0,,,179,,
2018 - 2022,28149,2022,2020,10,4,6,,,77,,
2016 - 2018,13105,2018,2016,4,2,2,,,55,,
2020 - 2022,13053,2022,2020,1,1,0,,,38,,
2014 - 2016,28111,2016,2014,0,0,0,,,19,,
2018 - 2020,13125,2020,2018,0,0,0,,,21,,
2016 - 2018,55117,2018,2016,0,0,0,,,225,,
2018 - 2020,13321,2020,2018,0,0,0,,,36,,
2012 - 2014,45021,2014,2012,0,0,0,30707,31560,142,-853,0
2014 - 2016,55007,2016,2014,2,1,1,,,10,,
2016 - 2018,13163,2018,2016,4,2,2,,,30,,
2018 - 2020,55039,2020,2018,3,2,1,,,143,,
2020 - 2022,13087,2022,2020,4,3,1,,,49,,
2012 - 2014,45049,2014,2012,0,0,0,12784,12831,37,-47,0
2020 - 2022,45069,2022,2020,2,1,1,16254,18401,56,-2147,1073
2016 - 2018,28059,2018,2016,16,5,11,,,196,,
2018 - 2020,13165,2020,2018,2,0,2,,,25,,
2016 - 2018,28143,2018,2016,2,0,2,,,22,,
2018 - 2020,13021,2020,2018,11,5,6,,,614,,
2012 - 2014,45001,2014,2012,0,0,0,14570,14384,51,186,0
2016 - 2018,55073,2018,2016,51,25,26,,,88,,
2018 - 2020,13243,2020,2018,2,1,1,,,16,,
2012 - 2014,28047,2014,2012,11,6,5,,,337,,
2016 - 2018,45033,2018,2016,0,0,0,18558,20037,76,-1479,0
2020 - 2022,55033,2022,2020,8,5,3,,,53,,
2012 - 2014,55081,2014,2012,0,0,0,,,50,,
2012 - 2014,55077,2014,2012,0,0,0,,,33,,
2016 - 2018,55019,2018,2016,2,1,1,,,29,,
2020 - 2022,13195,2022,2020,8,4,4,,,106,,
2018 - 2020,13131,2020,2018,0,0,0,,,54,,
2018 - 2020,55117,2020,2018,8,4,4,,,225,,
2016 - 2018,45079,2018,2016,14,6,8,251063,252739,539,-1676,119
2020 - 2022,55029,2022,2020,4,2,2,,,62,,
2018 - 2020,13191,2020,2018,0,0,0,,,33,,
2016 - 2018,55078,2018,2016,0,0,0,,,13,,
2014 - 2016,28127,2016,2014,2,1,1,,,46,,
2014 - 2016,28039,2016,2014,3,1,2,,,49,,
2018 - 2020,13023,2020,2018,0,0,0,,,60,,
2016 - 2018,55047,2018,2016,6,3,3,,,54,,
2020 - 2022,55105,2022,2020,19,14,5,,,228,,
2016 - 2018,13107,2018,2016,0,0,0,,,33,,
2020 - 2022,13049,2022,2020,5,2,3,,,16,,
2018 - 2020,13305,2020,2018,7,1,6,,,47,,
2012 - 2014,28117,2014,2012,1,1,0,,,61,,
2016 - 2018,13113,2018,2016,4,2,2,,,573,,
2012 - 2014,28023,2014,2012,3,2,1,,,24,,
2016 - 2018,28139,2018,2016,9,5,4,,,48,,
2012 - 2014,28115,2014,2012,11,6,5,,,61,,
2016 - 2018,28025,2018,2016,27,14,13,,,48,,
2020 - 2022,55077,2022,2020,2,1,1,,,34,,
2018 - 2022,28031,2022,2020,5,2,3,,,45,,
2016 - 2018,13241,2018,2016,2,1,1,,,44,,
2020 - 2022,13061,2022,2020,0,0,0,,,15,,
2016 - 2018,55101,2018,2016,5,2,3,,,588,,
2018 - 2020,13077,2020,2018,7,3,4,,,331,,
2012 - 2014,45051,2014,2012,7,4,3,177527,170713,250,6814,973
2016 - 2018,13087,2018,2016,2,1,1,,,45,,
2016 - 2018,13269,2018,2016,2,1,1,,,22,,
2016 - 2018,45011,2018,2016,0,0,0,13379,13797,39,-418,0
2016 - 2018,13001,2018,2016,5,4,1,,,36,,
2020 - 2022,13107,2022,2020,1,1,0,,,33,,
2018 - 2022,28039,2022,2020,3,2,1,,,51,,
2016 - 2018,45001,2018,2016,1,1,0,15146,15351,50,-205,205
2016 - 2018,55137,2018,2016,3,1,2,,,39,,
2020 - 2022,13033,2022,2020,2,1,1,,,29,,
2020 - 2022,45077,2022,2020,52,27,25,75940,78015,261,-2075,39
2016 - 2018,28005,2018,2016,0,0,0,,,17,,
2012 - 2014,55005,2014,2012,2,1,1,,,53,,
2018 - 2022,28023,2022,2020,7,4,3,,,23,,
2018 - 2022,28101,2022,2020,9,4,5,,,37,,
2020 - 2022,13063,2022,2020,50,33,17,,,2076,,
2018 - 2022,28037,2022,2020,1,1,0,,,14,,
2018 - 2020,45029,2020,2018,3,2,1,26540,24091,36,2449,816
2014 - 2016,28095,2016,2014,22,0,22,,,47,,
2016 - 2018,28153,2018,2016,1,1,0,,,25,,
2016 - 2018,13175,2018,2016,3,2,1,,,59,,
2016 - 2018,28149,2018,2016,10,5,5,,,80,,
2012 - 2014,45075,2014,2012,0,0,0,55870,60523,83,-4653,0
2012 - 2014,55069,2014,2012,2,1,1,,,33,,
2018 - 2022,28103,2022,2020,3,2,1,,,15,,
2012 - 2014,55057,2014,2012,0,0,0,,,35,,
2018 - 2020,55095,2020,2018,10,5,5,,,48,,
2018 - 2020,13083,2020,2018,3,2,1,,,93,,
2016 - 2018,13083,2018,2016,3,1,2,,,93,,
2014 - 2016,45075,2016,2014,2,1,1,58756,55870,81,2886,1443
2020 - 2022,13171,2022,2020,5,3,2,,,101,,
2016 - 2018,55011,2018,2016,5,2,3,,,19,,
2018 - 2020,45017,2020,2018,1,1,0,11016,10343,38,673,673
2020 - 2022,55001,2022,2020,2,1,1,,,32,,
2016 - 2018,45027,2018,2016,0,0,0,22466,23771,56,-1305,0
2014 - 2016,28147,2016,2014,8,4,4,,,37,,
2016 - 2018,55071,2018,2016,6,3,3,,,135,,
2018 - 2020,55137,2020,2018,1,1,0,,,39,,
2014 - 2016,28103,2016,2014,7,6,1,,,16,,
2018 - 2020,13209,2020,2018,0,0,0,,,38,,
2012 - 2014,28091,2014,2012,10,5,5,,,49,,
2016 - 2018,13155,2018,2016,4,4,0,,,26,,
2012 - 2014,55073,2014,2012,7,3,4,,,87,,
2016 - 2018,28151,2018,2016,2,1,1,,,65,,
2018 - 2020,55035,2020,2018,12,6,6,,,163,,
2014 - 2016,45013,2016,2014,10,5,5,111976,110042,304,1934,193
2016 - 2018,13295,2018,2016,6,3,3,,,154,,
2016 - 2018,13045,2018,2016,14,8,6,,,232,,
2018 - 2020,13011,2020,2018,2,1,1,,,81,,
2020 - 2022,13115,2022,2020,10,4,6,,,193,,
2018 - 2022,28045,2022,2020,23,12,11,,,97,,
2020 - 2022,13173,2022,2020,3,2,1,,,50,,
2016 - 2018,55107,2018,2016,2,1,1,,,16,,
2018 - 2020,13231,2020,2018,0,0,0,,,86,,
2020 - 2022,45083,2022,2020,78,38,40,202773,204789,399,-2016,25
2014 - 2016,45027,2016,2014,1,0,1,23771,22706,56,1065,1065
2020 - 2022,45045,2022,2020,108,51,57,344300,350535,661,-6235,57
2014 - 2016,45069,2016,2014,0,0,0,18477,17445,58,1032,0
2012 - 2014,28129,2014,2012,0,0,0,,,26,,
2012 - 2014,55091,2014,2012,2,1,1,,,32,,
2020 - 2022,13081,2022,2020,5,3,2,,,75,,
2012 - 2014,45077,2014,2012,6,3,3,62424,64107,241,-1683,280
2014 - 2016,55091,2016,2014,2,1,1,,,32,,
2018 - 2020,13167,2020,2018,2,1,1,,,32,,
2014 - 2016,55075,2016,2014,2,1,1,,,29,,
2012 - 2014,55037,2014,2012,0,0,0,,,9,,
2016 - 2018,28085,2018,2016,27,26,1,,,59,,
2018 - 2020,45027,2020,2018,18,6,12,24011,22466,56,1545,85
2020 - 2022,55137,2022,2020,0,0,0,,,39,,
2016 - 2018,13091,2018,2016,21,7,14,,,42,,
2014 - 2016,28125,2016,2014,9,9,0,,,11,,
2020 - 2022,13287,2022,2020,0,0,0,,,31,,
2020 - 2022,45091,2022,2020,77,39,38,194401,197666,406,-3265,42
2012 - 2014,28155,2014,2012,1,1,0,,,24,,
2018 - 2020,55067,2020,2018,0,0,0,,,22,,
2014 - 2016,28047,2016,2014,18,9,9,,,346,,
2018 - 2020,13219,2020,2018,0,0,0,,,213,,
2014 - 2016,45085,2016,2014,0,0,0,68619,63355,162,5264,0
2016 - 2018,13149,2018,2016,2,1,1,,,39,,
2018 - 2020,55101,2020,2018,21,8,13,,,589,,
2014 - 2016,45087,2016,2014,0,0,0,17573,16986,54,587,0
2014 - 2016,28153,2016,2014,0,0,0,,,25,,
2020 - 2022,55083,2022,2020,0,0,0,,,39,,
2016 - 2018,13289,2018,2016,0,0,0,,,23,,
2014 - 2016,28053,2016,2014,10,10,0,,,21,,
2020 - 2022,55081,2022,2020,8,4,4,,,51,,
2012 - 2014,28159,2014,2012,1,1,0,,,31,,
2020 - 2022,13293,2022,2020,0,0,0,,,85,,
2012 - 2014,28105,2014,2012,0,0,0,,,106,,
2018 - 2020,13031,2020,2018,0,0,0,,,115,,
2014 - 2016,55097,2016,2014,8,4,4,,,88,,
2014 - 2016,28101,2016,2014,4,2,2,,,37,,
2018 - 2020,13113,2020,2018,0,0,0,,,584,,
2020 - 2022,13263,2022,2020,1,1,0,,,15,,
2016 - 2018,13139,2018,2016,6,3,3,,,499,,
2018 - 2020,13099,2020,2018,0,0,0,,,20,,
2014 - 2016,28055,2016,2014,3,1,2,,,3,,
2018 - 2022,28081,2022,2020,30,18,12,,,185,,
2020 - 2022,45081,2022,2020,8,3,5,11639,12078,42,-439,54
2014 - 2016,45009,2016,2014,0,0,0,9688,9593,38,95,0
2018 - 2022,28049,2022,2020,97,56,41,,,265,,
2020 - 2022,55037,2022,2020,2,1,1,,,9,,
2018 - 2020,55111,2020,2018,1,1,0,,,77,,
2020 - 2022,13301,2022,2020,0,0,0,,,18,,
2018 - 2020,13069,2020,2018,0,0,0,,,73,,
2012 - 2014,28097,2014,2012,8,8,0,,,26,,
2020 - 2022,45085,2022,2020,19,10,9,66461,73261,159,-6800,357
2020 - 2022,55103,2022,2020,2,2,0,,,30,,
2016 - 2018,13065,2018,2016,2,1,1,,,8,,
2018 - 2022,28123,2022,2020,8,5,3,,,46,,
2018 - 2020,13053,2020,2018,0,0,0,,,42,,
2018 - 2020,13121,2020,2018,52,17,35,,,1997,,
2018 - 2020,45035,2020,2018,6,3,3,113262,100037,284,13225,2204
2016 - 2018,13251,2018,2016,0,0,0,,,22,,
2018 - 2020,45085,2020,2018,12,5,7,73261,67355,160,5906,492
2018 - 2022,28111,2022,2020,5,3,2,,,18,,
2012 - 2014,45065,2014,2012,1,1,0,6634,6682,28,-48,48
2020 - 2022,13201,2022,2020,1,1,0,,,21,,
2018 - 2020,55119,2020,2018,0,0,0,,,21,,
2014 - 2016,28157,2016,2014,7,6,1,,,14,,
2020 - 2022,13321,2022,2020,5,2,3,,,36,,
2018 - 2022,28135,2022,2020,2,1,1,,,20,,
2018 - 2020,13117,2020,2018,3,1,2,,,1053,,
2020 - 2022,13265,2022,2020,1,1,0,,,8,,
2020 - 2022,13103,2022,2020,10,7,3,,,133,,
2014 - 2016,45057,2016,2014,7,6,1,54859,49995,152,4864,694
2016 - 2018,28071,2018,2016,7,3,4,,,85,,
2016 - 2018,13265,2018,2016,0,0,0,,,9,,
2018 - 2020,13049,2020,2018,0,0,0,,,17,,
2014 - 2016,28119,2016,2014,0,0,0,,,19,,
2018 - 2020,13017,2020,2018,1,0,1,,,68,,
2016 - 2018,13215,2018,2016,9,5,4,,,909,,
2016 - 2018,28063,2018,2016,4,2,2,,,14,,
2012 - 2014,45079,2014,2012,29,26,3,240416,244721,520,-4305,148
2018 - 2020,55037,2020,2018,2,1,1,,,9,,
2012 - 2014,45057,2014,2012,0,0,0,49995,47443,145,2552,0
2014 - 2016,55013,2016,2014,0,0,0,,,19,,
2020 - 2022,45061,2022,2020,4,4,0,10578,12016,41,-1438,359
2020 - 2022,55011,2022,2020,3,1,2,,,20,,
2014 - 2016,45017,2016,2014,0,0,0,10794,10274,39,520,0
2014 - 2016,28129,2016,2014,13,13,0,,,25,,
2018 - 2020,55047,2020,2018,2,1,1,,,54,,
2016 - 2018,28023,2018,2016,1,0,1,,,23,,
2014 - 2016,45047,2016,2014,1,0,1,41698,39143,154,2555,2555
2014 - 2016,28093,2016,2014,3,1,2,,,51,,
2020 - 2022,55115,2022,2020,2,1,1,,,46,,
2016 - 2018,55141,2018,2016,7,3,4,,,92,,
2018 - 2020,13289,2020,2018,0,0,0,,,23,,
2020 - 2022,13169,2022,2020,0,0,0,,,72,,
2012 - 2014,28151,2014,2012,4,2,2,,,69,,
2020 - 2022,55117,2022,2020,26,14,12,,,230,,
2012 - 2014,28143,2014,2012,10,10,0,,,23,,
2016 - 2018,28077,2018,2016,19,9,10,,,29,,
2018 - 2020,45079,2020,2018,25,12,13,278632,251063,548,27569,1102
2018 - 2020,13055,2020,2018,2,1,1,,,79,,
2014 - 2016,28113,2016,2014,11,6,5,,,98,,
2014 - 2016,28017,2016,2014,0,0,0,,,35,,
2016 - 2018,45089,2018,2016,0,0,0,21345,22646,34,-1301,0
2020 - 2022,13259,2022,2020,0,0,0,,,12,,
2014 - 2016,28155,2016,2014,4,2,2,,,24,,
2016 - 2018,13095,2018,2016,4,2,2,,,277,,
2016 - 2018,13307,2018,2016,2,1,1,,,12,,
2014 - 2016,55135,2016,2014,14,7,7,,,70,,
2012 - 2014,55023,2014,2012,0,0,0,,,29,,
2016 - 2018,13213,2018,2016,7,4,3,,,115,,
2016 - 2018,55085,2018,2016,6,3,3,,,32,,
2012 - 2014,45069,2014,2012,0,0,0,17445,17658,59,-213,0
2018 - 2020,13291,2020,2018,0,0,0,,,75,,
2018 - 2020,13259,2020,2018,2,1,1,,,14,,
2018 - 2020,13197,2020,2018,0,0,0,,,23,,
2012 - 2014,55039,2014,2012,0,0,0,,,141,,
2012 - 2014,45013,2014,2012,20,8,12,110042,106882,292,3160,158
2018 - 2022,28077,2022,2020,1,1,0,,,28,,
2018 - 2020,13169,2020,2018,0,0,0,,,73,,
2012 - 2014,28055,2014,2012,4,3,1,,,3,,
2012 - 2014,28145,2014,2012,1,1,0,,,66,,
2016 - 2018,55065,2018,2016,2,1,1,,,26,,
2016 - 2018,28039,2018,2016,3,2,1,,,50,,
2016 - 2018,28001,2018,2016,5,2,3,,,68,,
2018 - 2020,13217,2020,2018,2,1,1,,,401,,
2016 - 2018,13313,2018,2016,16,8,8,,,358,,
2018 - 2020,55025,2020,2018,79,37,42,,,453,,
2012 - 2014,45031,2014,2012,0,0,0,41688,42020,121,-332,0
2020 - 2022,13283,2022,2020,2,1,1,,,32,,
2016 - 2018,13021,2018,2016,19,10,9,,,615,,
2018 - 2020,45043,2020,2018,12,5,7,47196,42742,76,4454,371
2018 - 2020,55141,2020,2018,6,4,2,,,92,,
2016 - 2018,13311,2018,2016,1,1,0,,,120,,
2018 - 2022,28137,2022,2020,3,2,1,,,69,,
2020 - 2022,13057,2022,2020,23,12,11,,,623,,
2012 - 2014,28057,2014,2012,1,1,0,,,44,,
2020 - 2022,13137,2022,2020,3,1,2,,,165,,
2014 - 2016,45003,2016,2014,9,7,2,110956,102481,154,8475,941
2016 - 2018,45073,2018,2016,1,0,1,49509,50114,122,-605,605
2018 - 2020,55029,2020,2018,2,1,1,,,57,,
2018 - 2022,28113,2022,2020,8,3,5,,,98,,
2012 - 2014,45017,2014,2012,0,0,0,10274,10337,39,-63,0
2016 - 2018,28075,2018,2016,14,7,7,,,110,,
2016 - 2018,13055,2018,2016,11,8,3,,,79,,
2012 - 2014,45019,2014,2012,20,9,11,252881,243851,399,9030,451
2018 - 2020,55061,2020,2018,2,1,1,,,60,,
2020 - 2022,13277,2022,2020,2,1,1,,,158,,
2018 - 2020,13319,2020,2018,0,0,0,,,20,,
2018 - 2022,28115,2022,2020,20,9,11,,,63,,
2012 - 2014,28009,2014,2012,0,0,0,,,21,,
2018 - 2020,13277,2020,2018,0,0,0,,,156,,
2016 - 2018,28065,2018,2016,3,2,1,,,28,,
2020 - 2022,13167,2022,2020,1,1,0,,,31,,
2016 - 2018,13003,2018,2016,0,0,0,,,24,,
2018 - 2020,13141,2020,2018,0,0,0,,,18,,
2016 - 2018,45013,2018,2016,8,4,4,121600,111976,317,9624,1203
2012 - 2014,45047,2014,2012,4,4,0,39143,40304,153,-1161,290
2016 - 2018,13153,2018,2016,1,1,0,,,403,,
2012 - 2014,28043,2014,2012,2,0,2,,,51,,
2016 - 2018,13161,2018,2016,13,8,5,,,45,,
2018 - 2020,55109,2020,2018,6,3,3,,,124,,
2018 - 2020,13279,2020,2018,0,0,0,,,74,,
2016 - 2018,45067,2018,2016,0,0,0,20883,22314,65,-1431,0
2020 - 2022,55099,2022,2020,0,0,0,,,11,,
2018 - 2022,28033,2022,2020,34,18,16,,,385,,
2016 - 2018,13025,2018,2016,0,0,0,,,42,,
2020 - 2022,13249,2022,2020,1,1,0,,,28,,
2020 - 2022,13111,2022,2020,3,2,1,,,65,,
2018 - 2020,13189,2020,2018,3,0,3,,,83,,
2016 - 2018,13237,2018,2016,2,1,1,,,62,,
2016 - 2018,28145,2018,2016,6,3,3,,,68,,
2016 - 2018,28011,2018,2016,8,4,4,,,37,,
2012 - 2014,45007,2014,2012,6,5,1,106899,108008,265,-1109,184
2016 - 2018,13085,2018,2016,0,0,0,,,113,,
2016 - 2018,13239,2018,2016,2,1,1,,,15,,
2016 - 2018,28159,2018,2016,17,9,8,,,30,,
2014 - 2016,45001,2016,2014,0,0,0,15351,14570,51,781,0
2012 - 2014,28095,2014,2012,5,3,2,,,48,,
2020 - 2022,45015,2022,2020,19,9,10,149091,144862,204,4229,222
2016 - 2018,55075,2018,2016,4,1,3,,,29,,
2014 - 2016,45045,2016,2014,12,7,5,312676,286128,614,26548,2212
2014 - 2016,45041,2016,2014,4,1,3,87689,82099,173,5590,1397
2016 - 2018,13317,2018,2016,0,0,0,,,21,,
2018 - 2020,13061,2020,2018,0,0,0,,,15,,
2018 - 2022,28133,2022,2020,10,5,5,,,38,,
2014 - 2016,45021,2016,2014,15,7,8,32085,30707,143,1378,91
2012 - 2014,28039,2014,2012,8,3,5,,,48,,
2016 - 2018,55009,2018,2016,13,3,10,,,490,,
2018 - 2022,28003,2022,2020,8,5,3,,,87,,
2012 - 2014,55078,2014,2012,0,0,0,,,12,,
2016 - 2018,45041,2018,2016,7,3,4,84880,87689,173,-2809,401
2012 - 2014,28011,2014,2012,4,2,2,,,39,,
2020 - 2022,13179,2022,2020,11,6,5,,,125,,
2016 - 2018,13131,2018,2016,4,4,0,,,55,,
2020 - 2022,13319,2022,2020,0,0,0,,,20,,
2016 - 2018,13247,2018,2016,19,11,8,,,686,,
2012 - 2014,28005,2014,2012,3,2,1,,,18,,
2018 - 2022,28005,2022,2020,1,0,1,,,17,,
2016 - 2018,13223,2018,2016,25,10,15,,,499,,
2020 - 2022,13275,2022,2020,11,5,6,,,84,,
2018 - 2020,55121,2020,2018,7,4,3,,,40,,
2020 - 2022,55073,2022,2020,1,1,0,,,89,,
2020 - 2022,55087,2022,2020,28,14,14,,,297,,
2018 - 2020,45001,2020,2018,2,1,1,16575,15146,50,1429,714
2014 - 2016,55105,2016,2014,22,11,11,,,224,,
2020 - 2022,13037,2022,2020,3,2,1,,,20,,
2016 - 2018,13145,2018,2016,8,4,4,,,72,,
2020 - 2022,13043,2022,2020,0,0,0,,,45,,
2012 - 2014,55121,2014,2012,0,0,0,,,40,,
2018 - 2020,55133,2020,2018,49,18,31,,,732,,
2016 - 2018,13079,2018,2016,8,4,4,,,38,,
2018 - 2020,13303,2020,2018,0,0,0,,,30,,
2020 - 2022,55065,2022,2020,0,0,0,,,26,,
2016 - 2018,45083,2018,2016,6,5,1,179502,177635,374,1867,311
2012 - 2014,45037,2014,2012,1,1,0,15667,15924,53,-257,257
2014 - 2016,55137,2016,2014,2,1,1,,,39,,
2016 - 2018,13007,2018,2016,6,1,5,,,9,,
2016 - 2018,28017,2018,2016,1,0,1,,,34,,
2014 - 2016,55071,2016,2014,4,2,2,,,136,,
2020 - 2022,13083,2022,2020,1,1,0,,,94,,
2020 - 2022,55107,2022,2020,4,3,1,,,16,,
2018 - 2022,28079,2022,2020,15,8,7,,,37,,
2014 - 2016,55085,2016,2014,2,1,1,,,32,,
2018 - 2020,13239,2020,2018,0,0,0,,,15,,
2016 - 2018,45031,2018,2016,0,0,0,42361,44307,120,-1946,0
2016 - 2018,28061,2018,2016,0,0,0,,,24,,
2018 - 2022,28091,2022,2020,11,5,6,,,45,,
2016 - 2018,55131,2018,2016,4,2,2,,,312,,
2018 - 2022,28095,2022,2020,17,9,8,,,45,,
2020 - 2022,45039,2022,2020,0,0,0,15817,16222,31,-405,0
2018 - 2022,28131,2022,2020,13,4,9,,,41,,
2012 - 2014,55007,2014,2012,4,2,2,,,10,,
2020 - 2022,55091,2022,2020,0,0,0,,,32,,
2014 - 2016,55125,2016,2014,0,0,0,,,25,,
2014 - 2016,28131,2016,2014,12,2,10,,,40,,
2020 - 2022,55079,2022,2020,198,105,93,,,3889,,
2020 - 2022,55023,2022,2020,4,2,2,,,28,,
2016 - 2018,28083,2018,2016,2,0,2,,,50,,
2020 - 2022,13315,2022,2020,1,1,0,,,23,,
2016 - 2018,13101,2018,2016,0,0,0,,,10,,
2018 - 2020,13109,2020,2018,0,0,0,,,58,,
2018 - 2020,13221,2020,2018,2,1,1,,,34,,
2016 - 2018,45007,2018,2016,0,0,0,117163,118564,275,-1401,0
2016 - 2018,55061,2018,2016,0,0,0,,,59,,
2020 - 2022,13149,2022,2020,3,2,1,,,39,,
2018 - 2020,55087,2020,2018,6,3,3,,,293,,
2018 - 2020,13171,2020,2018,0,0,0,,,103,,
2016 - 2018,28095,2018,2016,23,23,0,,,47,,
2018 - 2022,28015,2022,2020,4,2,2,,,16,,
2020 - 2022,13067,2022,2020,127,67,60,,,2244,,
2012 - 2014,28135,2014,2012,0,0,0,,,23,,
2018 - 2020,13241,2020,2018,0,0,0,,,46,,
2020 - 2022,13073,2022,2020,20,13,7,,,532,,
2014 - 2016,28099,2016,2014,2,2,0,,,52,,
2016 - 2018,13257,2018,2016,0,0,0,,,143,,
2016 - 2018,28081,2018,2016,12,3,9,,,189,,
2018 - 2022,28051,2022,2020,5,2,3,,,23,,
2012 - 2014,28081,2014,2012,11,5,6,,,188,,
2020 - 2022,13077,2022,2020,9,4,5,,,329,,
2016 - 2018,45035,2018,2016,1,0,1,100037,99789,273,248,248
2018 - 2020,55049,2020,2018,3,2,1,,,31,,
2012 - 2014,55067,2014,2012,0,0,0,,,23,,
2018 - 2020,45083,2020,2018,14,7,7,204789,179502,388,25287,1806
2014 - 2016,55131,2016,2014,6,3,3,,,310,,
2016 - 2018,55095,2018,2016,4,2,2,,,47,,
2016 - 2018,28161,2018,2016,1,0,1,,,27,,
2014 - 2016,55011,2016,2014,0,0,0,,,20,,
2014 - 2016,55035,2016,2014,6,3,3,,,160,,
2014 - 2016,55133,2016,2014,15,7,8,,,719,,
2016 - 2018,55113,2018,2016,4,2,2,,,13,,
2016 - 2018,55081,2018,2016,14,6,8,,,51,,
2014 - 2016,55087,2016,2014,11,5,6,,,285,,
2016 - 2018,13023,2018,2016,4,2,2,,,59,,
2018 - 2022,28067,2022,2020,47,31,16,,,97,,
2014 - 2016,55113,2016,2014,0,0,0,,,13,,
2018 - 2020,13143,2020,2018,6,3,3,,,105,,
2014 - 2016,45007,2016,2014,3,1,2,118564,106899,269,11665,3888
2012 - 2014,28001,2014,2012,1,0,1,,,70,,
2020 - 2022,13059,2022,2020,11,9,2,,,1075,,
2018 - 2020,55113,2020,2018,0,0,0,,,13,,
2020 - 2022,45007,2022,2020,33,17,16,125932,130040,283,-4108,124
2020 - 2022,13183,2022,2020,1,1,0,,,41,,
2012 - 2014,55017,2014,2012,8,4,4,,,63,,
2018 - 2020,13161,2020,2018,11,3,8,,,46,,
2018 - 2020,13127,2020,2018,10,5,5,,,203,,
2020 - 2022,13185,2022,2020,18,14,4,,,236,,
2012 - 2014,55049,2014,2012,4,2,2,,,31,,
2016 - 2018,45037,2018,2016,0,0,0,16527,16728,53,-201,0
2018 - 2020,45005,2020,2018,1,1,0,5881,5825,22,56,56
2018 - 2022,28073,2022,2020,10,6,4,,,128,,
2018 - 2022,28009,2022,2020,3,1,2,,,19,,
2016 - 2018,13183,2018,2016,5,2,3,,,45,,
2012 - 2014,28123,2014,2012,1,1,0,,,46,,
2018 - 2020,13295,2020,2018,4,2,2,,,155,,
2020 - 2022,13007,2022,2020,8,7,1,,,9,,
2012 - 2014,45043,2014,2012,0,0,0,41109,41094,74,15,0
2020 - 2022,13159,2022,2020,1,1,0,,,39,,
2020 - 2022,45029,2022,2020,4,2,2,25425,26540,36,-1115,278
2016 - 2018,13219,2018,2016,13,8,5,,,201,,
2014 - 2016,55065,2016,2014,4,2,2,,,27,,
2016 - 2018,55087,2018,2016,11,6,5,,,290,,
2016 - 2018,45053,2018,2016,2,1,1,18755,17883,43,872,436
2012 - 2014,45073,2014,2012,2,1,1,45945,45472,119,473,236
2020 - 2022,13143,2022,2020,2,1,1,,,105,,
2014 - 2016,28063,2016,2014,2,0,2,,,14,,
2014 - 2016,28075,2016,2014,8,3,5,,,113,,
2020 - 2022,13127,2022,2020,12,6,6,,,201,,
2014 - 2016,55103,2016,2014,2,1,1,,,30,,
2016 - 2018,28029,2018,2016,6,4,2,,,37,,
2018 - 2020,13175,2020,2018,3,1,2,,,59,,
2014 - 2016,55031,2016,2014,2,1,1,,,34,,
2020 - 2022,45013,2022,2020,46,25,21,138812,138735,323,77,1
2012 - 2014,45085,2014,2012,1,0,1,63355,67267,162,-3912,3912
2018 - 2020,13155,2020,2018,5,1,4,,,26,,
2016 - 2018,13209,2018,2016,2,1,1,,,37,,
2018 - 2020,13029,2020,2018,2,1,1,,,88,,
2020 - 2022,55125,2022,2020,0,0,0,,,27,,
2020 - 2022,55005,2022,2020,4,2,2,,,54,,
2016 - 2018,13077,2018,2016,13,8,5,,,319,,
2016 - 2018,13049,2018,2016,0,0,0,,,17,,
2016 - 2018,55111,2018,2016,6,3,3,,,76,,
2016 - 2018,55077,2018,2016,0,0,0,,,33,,
2014 - 2016,28001,2016,2014,6,3,3,,,69,,
2020 - 2022,55031,2022,2020,10,5,5,,,34,,
2020 - 2022,13119,2022,2020,9,5,4,,,89,,
2020 - 2022,45005,2022,2020,4,1,3,5124,5881,20,-757,189
2018 - 2020,55013,2020,2018,2,1,1,,,19,,
2014 - 2016,28151,2016,2014,1,0,1,,,67,,
2018 - 2020,13005,2020,2018,4,0,4,,,39,,
2020 - 2022,13161,2022,2020,3,3,0,,,45,,
2018 - 2020,55041,2020,2018,0,0,0,,,9,,
2014 - 2016,28139,2016,2014,2,0,2,,,48,,
2016 - 2018,28037,2018,2016,1,0,1,,,14,,
2016 - 2018,13075,2018,2016,0,0,0,,,75,,
2016 - 2018,45061,2018,2016,0,0,0,11556,12205,43,-649,0
2020 - 2022,13009,2022,2020,1,1,0,,,170,,
2020 - 2022,13035,2022,2020,5,5,0,,,136,,
2018 - 2020,13039,2020,2018,0,0,0,,,86,,
2018 - 2020,55123,2020,2018,6,2,4,,,39,,
2012 - 2014,55105,2014,2012,6,3,3,,,223,,
2016 - 2018,13309,2018,2016,0,0,0,,,27,,
2014 - 2016,45037,2016,2014,0,0,0,16728,15667,53,1061,0
2012 - 2014,28065,2014,2012,6,6,0,,,30,,
2016 - 2018,45025,2018,2016,0,0,0,25301,26195,58,-894,0
2014 - 2016,45059,2016,2014,2,1,1,39516,36259,93,3257,1628
2014 - 2016,55061,2016,2014,0,0,0,,,60,,
2018 - 2020,13065,2020,2018,0,0,0,,,8,,
2012 - 2014,28049,2014,2012,20,10,10,,,283,,
2012 - 2014,55085,2014,2012,0,0,0,,,32,,
2020 - 2022,55141,2022,2020,0,0,0,,,93,,
2018 - 2020,45061,2020,2018,5,1,4,12016,11556,42,460,92
2018 - 2022,28119,2022,2020,0,0,0,,,16,,
2018 - 2020,13173,2020,2018,3,0,3,,,54,,
2016 - 2018,45023,2018,2016,0,0,0,19941,20979,56,-1038,0
2018 - 2020,45033,2020,2018,6,3,3,19677,18558,75,1119,186
2014 - 2016,55073,2016,2014,7,4,3,,,88,,
2018 - 2020,55125,2020,2018,4,2,2,,,26,,
2018 - 2020,13007,2020,2018,0,0,0,,,9,,
2012 - 2014,45053,2014,2012,3,2,1,15566,14455,40,1111,370
2018 - 2020,13201,2020,2018,0,0,0,,,20,,
2018 - 2020,45003,2020,2018,33,17,16,122919,110093,159,12826,388
2016 - 2018,55029,2018,2016,2,1,1,,,57,,
2016 - 2018,55127,2018,2016,0,0,0,,,185,,
2016 - 2018,45049,2018,2016,0,0,0,12530,12991,35,-461,0
2016 - 2018,13185,2018,2016,8,2,6,,,230,,
2014 - 2016,45071,2016,2014,0,0,0,23531,22130,60,1401,0
2016 - 2018,13181,2018,2016,0,0,0,,,37,,
2018 - 2020,55063,2020,2018,8,4,4,,,262,,
2012 - 2014,28085,2014,2012,36,28,8,,,59,,
2016 - 2018,28099,2018,2016,4,1,3,,,52,,
2020 - 2022,13241,2022,2020,2,1,1,,,45,,
2018 - 2020,45065,2020,2018,10,5,5,7641,7029,26,612,61
2012 - 2014,28139,2014,2012,0,0,0,,,48,,
2012 - 2014,55127,2014,2012,2,1,1,,,185,,
2016 - 2018,55119,2018,2016,0,0,0,,,21,,
2018 - 2020,45039,2020,2018,1,1,0,16222,15360,33,862,862
2016 - 2018,13249,2018,2016,0,0,0,,,31,,
2016 - 2018,13211,2018,2016,2,1,1,,,52,,
2016 - 2018,55025,2018,2016,28,15,13,,,443,,
2016 - 2018,28027,2018,2016,18,0,18,,,43,,
2018 - 2020,55091,2020,2018,0,0,0,,,31,,
2012 - 2014,28111,2014,2012,1,1,0,,,19,,
2018 - 2020,45013,2020,2018,15,7,8,138735,121600,329,17135,1142
2018 - 2020,13059,2020,2018,3,1,2,,,1065,,
2016 - 2018,28019,2018,2016,5,3,2,,,20,,
2018 - 2020,13265,2020,2018,0,0,0,,,8,,
2014 - 2016,55009,2016,2014,10,5,5,,,484,,
2016 - 2018,13141,2018,2016,0,0,0,,,18,,
2016 - 2018,28163,2018,2016,3,0,3,,,30,,
2016 - 2018,28107,2018,2016,6,1,5,,,50,,
2020 - 2022,55129,2022,2020,3,2,1,,,21,,
2016 - 2018,45071,2018,2016,2,1,1,22849,23531,60,-682,341
2018 - 2022,28061,2022,2020,5,3,2,,,24,,
2016 - 2018,55049,2018,2016,1,0,1,,,31,,
2016 - 2018,55033,2018,2016,8,4,4,,,52,,
2014 - 2016,45025,2016,2014,0,0,0,26195,24752,58,1443,0
2020 - 2022,45075,2022,2020,32,17,15,53536,58785,77,-5249,164
2016 - 2018,55063,2018,2016,4,2,2,,,261,,
2018 - 2020,45059,2020,2018,8,4,4,42249,38270,94,3979,497
2016 - 2018,13027,2018,2016,2,1,1,,,32,,
2018 - 2020,55103,2020,2018,2,0,2,,,30,,
2018 - 2020,55043,2020,2018,9,5,4,,,45,,
2016 - 2018,13047,2018,2016,0,0,0,,,409,,
2018 - 2020,13043,2020,2018,0,0,0,,,45,,
2016 - 2018,55129,2018,2016,1,1,0,,,20,,
2020 - 2022,13141,2022,2020,1,1,0,,,18,,
2020 - 2022,13245,2022,2020,22,12,10,,,634,,
2018 - 2020,55129,2020,2018,2,1,1,,,20,,
2018 - 2020,45089,2020,2018,6,4,2,22213,21345,33,868,144
2018 - 2020,13313,2020,2018,2,1,1,,,358,,
2018 - 2020,45021,2020,2018,7,4,3,35218,31735,145,3483,497
2016 - 2018,13217,2018,2016,2,1,1,,,389,,
2016 - 2018,55041,2018,2016,0,0,0,,,9,,
2016 - 2018,13305,2018,2016,7,6,1,,,46,,
2016 - 2018,13089,2018,2016,42,26,16,,,2776,,
2012 - 2014,55089,2014,2012,11,6,5,,,373,,
2014 - 2016,55077,2016,2014,0,0,0,,,33,,
2020 - 2022,13289,2022,2020,3,2,1,,,22,,
2016 - 2018,45009,2018,2016,0,0,0,9282,9688,37,-406,0
2020 - 2022,55019,2022,2020,4,2,2,,,29,,
2018 - 2020,13009,2020,2018,0,0,0,,,174,,
2012 - 2014,28089,2014,2012,18,10,8,,,138,,
2016 - 2018,13293,2018,2016,0,0,0,,,81,,
2018 - 2020,55057,2020,2018,6,3,3,,,35,,
2020 - 2022,55061,2022,2020,0,0,0,,,60,,
2020 - 2022,13229,2022,2020,1,1,0,,,58,,
2016 - 2018,13033,2018,2016,2,1,1,,,27,,
2014 - 2016,55019,2016,2014,4,2,2,,,29,,
2020 - 2022,55053,2022,2020,3,2,1,,,21,,
2020 - 2022,55119,2022,2020,0,0,0,,,20,,
2018 - 2020,55005,2020,2018,4,2,2,,,52,,
2016 - 2018,28035,2018,2016,30,28,2,,,162,,
2020 - 2022,55007,2022,2020,3,1,2,,,11,,
2014 - 2016,28137,2016,2014,2,1,1,,,70,,
2016 - 2018,13135,2018,2016,23,12,11,,,2096,,
2018 - 2020,45069,2020,2018,1,1,0,18401,17411,55,990,990
2012 - 2014,55011,2014,2012,0,0,0,,,20,,
2016 - 2018,13191,2018,2016,4,2,2,,,33,,
2012 - 2014,55133,2014,2012,11,4,7,,,714,,
2020 - 2022,13029,2022,2020,7,4,3,,,99,,
2016 - 2018,13227,2018,2016,2,1,1,,,133,,
2012 - 2014,55141,2014,2012,1,0,1,,,94,,
2018 - 2020,13187,2020,2018,0,0,0,,,117,,
2020 - 2022,55021,2022,2020,7,4,3,,,76,,
2014 - 2016,55029,2016,2014,4,2,2,,,57,,
2018 - 2020,13211,2020,2018,0,0,0,,,54,,
2016 - 2018,45091,2018,2016,20,10,10,171233,167053,380,4180,209
2018 - 2020,55027,2020,2018,8,3,5,,,100,,
2020 - 2022,13165,2022,2020,1,1,0,,,25,,
2018 - 2020,55077,2020,2018,2,1,1,,,34,,
2018 - 2022,28121,2022,2020,55,26,29,,,201,,
2016 - 2018,13097,2018,2016,14,7,7,,,709,,
2014 - 2016,45073,2016,2014,0,0,0,50114,45945,120,4169,0
2020 - 2022,45035,2022,2020,22,12,10,106797,113262,282,-6465,293
2014 - 2016,55107,2016,2014,3,2,1,,,16,,
2018 - 2022,28159,2022,2020,8,3,5,,,29,,
2014 - 2016,55017,2016,2014,4,2,2,,,63,,
2012 - 2014,55131,2014,2012,2,1,1,,,308,,
2018 - 2020,13001,2020,2018,5,1,4,,,36,,
2018 - 2020,13287,2020,2018,0,0,0,,,28,,
2014 - 2016,45051,2016,2014,9,5,4,204929,177527,265,27402,3044
2020 - 2022,13031,2022,2020,6,4,2,,,118,,
2018 - 2020,13107,2020,2018,0,0,0,,,33,,
2016 - 2018,28121,2018,2016,7,3,4,,,195,,
2014 - 2016,28135,2016,2014,5,4,1,,,23,,
2018 - 2020,13225,2020,2018,0,0,0,,,183,,
2020 - 2022,55075,2022,2020,6,3,3,,,30,,
2020 - 2022,55113,2022,2020,0,0,0,,,14,,
2014 - 2016,28143,2016,2014,0,0,0,,,23,,
2020 - 2022,55085,2022,2020,4,2,2,,,34,,
2016 - 2018,13243,2018,2016,4,3,1,,,17,,
2016 - 2018,55021,2018,2016,1,0,1,,,74,,
2014 - 2016,45031,2016,2014,1,0,1,44307,41688,121,2619,2619
2018 - 2020,13233,2020,2018,4,2,2,,,136,,
2018 - 2020,13179,2020,2018,0,0,0,,,120,,
2018 - 2020,13199,2020,2018,4,2,2,,,42,,
2012 - 2014,55123,2014,2012,4,2,2,,,38,,
2016 - 2018,13297,2018,2016,12,6,6,,,276,,
2012 - 2014,28041,2014,2012,2,2,0,,,20,,
2012 - 2014,28099,2014,2012,0,0,0,,,52,,
2014 - 2016,28159,2016,2014,2,1,1,,,30,,
2018 - 2022,28143,2022,2020,14,8,6,,,22,,
2014 - 2016,28085,2016,2014,28,1,27,,,59,,
2018 - 2020,13293,2020,2018,0,0,0,,,81,,
2018 - 2020,13177,2020,2018,0,0,0,,,84,,
2016 - 2018,13177,2018,2016,0,0,0,,,82,,
2016 - 2018,45063,2018,2016,0,0,0,178891,176239,410,2652,0
2014 - 2016,55093,2016,2014,8,4,4,,,71,,
2014 - 2016,55083,2016,2014,0,0,0,,,38,,
2018 - 2022,28025,2022,2020,2,1,1,,,46,,
2020 - 2022,45071,2022,2020,0,0,0,23732,24832,60,-1100,0
2018 - 2020,45037,2020,2018,5,3,2,18320,16527,54,1793,358
2020 - 2022,13017,2022,2020,3,1,2,,,69,,
2012 - 2014,55045,2014,2012,0,0,0,,,63,,
2018 - 2020,13163,2020,2018,2,1,1,,,29,,
2020 - 2022,13085,2022,2020,0,0,0,,,124,,
2016 - 2018,13109,2018,2016,0,0,0,,,59,,
2020 - 2022,45079,2022,2020,69,31,38,271139,278632,548,-7493,108
2016 - 2018,28113,2018,2016,11,5,6,,,97,,
