changeyear,cntyfp,baseyear,lastgeyear,changenopolls,nopollsadded,nopollsremoved,norvby,popdensityby,changenorv,changenorvpernopoll,state
2012 - 2014,45001,2014,2012,0,0,0,14570.0,51,186.0,0.0,SC
2014 - 2016,45001,2016,2014,0,0,0,15351.0,51,781.0,0.0,SC
2016 - 2018,45001,2018,2016,1,1,0,15146.0,50,-205.0,205.0,SC
2018 - 2020,45001,2020,2018,2,1,1,16575.0,50,1429.0,714.0,SC
2020 - 2022,45001,2022,2020,0,0,0,15982.0,50,-593.0,0.0,SC
2012 - 2014,45003,2014,2012,2,1,1,102481.0,152,207.0,103.0,SC
2014 - 2016,45003,2016,2014,9,7,2,110956.0,154,8475.0,941.0,SC
2016 - 2018,45003,2018,2016,15,7,8,110093.0,156,-863.0,57.0,SC
2018 - 2020,45003,2020,2018,27,14,13,122919.0,159,12826.0,475.0,SC
2020 - 2022,45003,2022,2020,8,3,5,116055.0,157,-6864.0,858.0,SC
2012 - 2014,45005,2014,2012,0,0,0,5802.0,25,9.0,0.0,SC
2014 - 2016,45005,2016,2014,1,0,1,6035.0,23,233.0,233.0,SC
2016 - 2018,45005,2018,2016,0,0,0,5825.0,23,-210.0,0.0,SC
2018 - 2020,45005,2020,2018,1,1,0,5881.0,22,56.0,56.0,SC
2020 - 2022,45005,2022,2020,4,1,3,5124.0,20,-757.0,189.0,SC
2012 - 2014,45007,2014,2012,6,5,1,106899.0,265,-1109.0,184.0,SC
2014 - 2016,45007,2016,2014,3,1,2,118564.0,269,11665.0,3888.0,SC
2016 - 2018,45007,2018,2016,0,0,0,117163.0,275,-1401.0,0.0,SC
2018 - 2020,45007,2020,2018,37,17,20,130040.0,280,12877.0,348.0,SC
2020 - 2022,45007,2022,2020,7,4,3,125932.0,283,-4108.0,586.0,SC
2012 - 2014,45009,2014,2012,0,0,0,9593.0,40,-39.0,0.0,SC
2014 - 2016,45009,2016,2014,0,0,0,9688.0,38,95.0,0.0,SC
2016 - 2018,45009,2018,2016,0,0,0,9282.0,37,-406.0,0.0,SC
2018 - 2020,45009,2020,2018,1,1,0,9606.0,36,324.0,324.0,SC
2020 - 2022,45009,2022,2020,0,0,0,8448.0,34,-1158.0,0.0,SC
2012 - 2014,45011,2014,2012,0,0,0,13276.0,41,-839.0,0.0,SC
2014 - 2016,45011,2016,2014,2,0,2,13797.0,40,521.0,260.0,SC
2016 - 2018,45011,2018,2016,0,0,0,13379.0,39,-418.0,0.0,SC
2018 - 2020,45011,2020,2018,5,3,2,14235.0,39,856.0,171.0,SC
2020 - 2022,45011,2022,2020,0,0,0,13514.0,38,-721.0,0.0,SC
2012 - 2014,45013,2014,2012,20,8,12,110042.0,292,3160.0,158.0,SC
2014 - 2016,45013,2016,2014,10,5,5,111976.0,304,1934.0,193.0,SC
2016 - 2018,45013,2018,2016,8,4,4,121600.0,317,9624.0,1203.0,SC
2018 - 2020,45013,2020,2018,15,7,8,138735.0,329,17135.0,1142.0,SC
2020 - 2022,45013,2022,2020,25,14,11,138812.0,323,77.0,3.0,SC
2012 - 2014,45015,2014,2012,7,5,2,104441.0,172,615.0,87.0,SC
2014 - 2016,45015,2016,2014,8,7,1,117906.0,181,13465.0,1683.0,SC
2016 - 2018,45015,2018,2016,3,2,1,123608.0,189,5702.0,1900.0,SC
2018 - 2020,45015,2020,2018,12,9,3,144862.0,201,21254.0,1771.0,SC
2020 - 2022,45015,2022,2020,5,2,3,149091.0,204,4229.0,845.0,SC
2012 - 2014,45017,2014,2012,0,0,0,10274.0,39,-63.0,0.0,SC
2014 - 2016,45017,2016,2014,0,0,0,10794.0,39,520.0,0.0,SC
2016 - 2018,45017,2018,2016,0,0,0,10343.0,39,-451.0,0.0,SC
2018 - 2020,45017,2020,2018,1,1,0,11016.0,38,673.0,673.0,SC
2020 - 2022,45017,2022,2020,0,0,0,10345.0,37,-671.0,0.0,SC
2012 - 2014,45019,2014,2012,20,9,11,252881.0,399,9030.0,451.0,SC
2014 - 2016,45019,2016,2014,15,6,9,277036.0,415,24155.0,1610.0,SC
2016 - 2018,45019,2018,2016,17,5,12,275909.0,430,-1127.0,66.0,SC
2018 - 2020,45019,2020,2018,27,15,12,311565.0,444,35656.0,1320.0,SC
2020 - 2022,45019,2022,2020,10,6,4,264022.0,441,-47543.0,4754.0,SC
2012 - 2014,45021,2014,2012,0,0,0,30707.0,142,-853.0,0.0,SC
2014 - 2016,45021,2016,2014,15,7,8,32085.0,143,1378.0,91.0,SC
2016 - 2018,45021,2018,2016,0,0,0,31735.0,144,-350.0,0.0,SC
2018 - 2020,45021,2020,2018,7,4,3,35218.0,145,3483.0,497.0,SC
2020 - 2022,45021,2022,2020,5,2,3,33504.0,143,-1714.0,342.0,SC
2012 - 2014,45023,2014,2012,1,1,0,19994.0,56,-351.0,351.0,SC
2014 - 2016,45023,2016,2014,0,0,0,20979.0,56,985.0,0.0,SC
2016 - 2018,45023,2018,2016,0,0,0,19941.0,56,-1038.0,0.0,SC
2018 - 2020,45023,2020,2018,4,2,2,21709.0,56,1768.0,442.0,SC
2020 - 2022,45023,2022,2020,2,1,1,20179.0,56,-1530.0,765.0,SC
2012 - 2014,45025,2014,2012,0,0,0,24752.0,58,392.0,0.0,SC
2014 - 2016,45025,2016,2014,0,0,0,26195.0,58,1443.0,0.0,SC
2016 - 2018,45025,2018,2016,0,0,0,25301.0,58,-894.0,0.0,SC
2018 - 2020,45025,2020,2018,4,3,1,27447.0,57,2146.0,536.0,SC
2020 - 2022,45025,2022,2020,0,0,0,26214.0,55,-1233.0,0.0,SC
2012 - 2014,45027,2014,2012,0,0,0,22706.0,57,-276.0,0.0,SC
2014 - 2016,45027,2016,2014,1,0,1,23771.0,56,1065.0,1065.0,SC
2016 - 2018,45027,2018,2016,0,0,0,22466.0,56,-1305.0,0.0,SC
2018 - 2020,45027,2020,2018,18,6,12,24011.0,56,1545.0,85.0,SC
2020 - 2022,45027,2022,2020,1,1,0,22043.0,52,-1968.0,1968.0,SC
2012 - 2014,45029,2014,2012,1,1,0,23414.0,36,-456.0,456.0,SC
2014 - 2016,45029,2016,2014,3,1,2,25270.0,36,1856.0,618.0,SC
2016 - 2018,45029,2018,2016,1,1,0,24091.0,36,-1179.0,1179.0,SC
2018 - 2020,45029,2020,2018,3,2,1,26540.0,36,2449.0,816.0,SC
2020 - 2022,45029,2022,2020,4,2,2,25425.0,36,-1115.0,278.0,SC
2012 - 2014,45031,2014,2012,0,0,0,41688.0,121,-332.0,0.0,SC
2014 - 2016,45031,2016,2014,1,0,1,44307.0,121,2619.0,2619.0,SC
2016 - 2018,45031,2018,2016,0,0,0,42361.0,120,-1946.0,0.0,SC
2018 - 2020,45031,2020,2018,5,3,2,45109.0,119,2748.0,549.0,SC
2020 - 2022,45031,2022,2020,2,1,1,41576.0,113,-3533.0,1766.0,SC
2012 - 2014,45033,2014,2012,0,0,0,19444.0,78,-421.0,0.0,SC
2014 - 2016,45033,2016,2014,0,0,0,20037.0,77,593.0,0.0,SC
2016 - 2018,45033,2018,2016,0,0,0,18558.0,76,-1479.0,0.0,SC
2018 - 2020,45033,2020,2018,6,3,3,19677.0,75,1119.0,186.0,SC
2020 - 2022,45033,2022,2020,2,1,1,17737.0,70,-1940.0,970.0,SC
2012 - 2014,45035,2014,2012,2,1,1,89185.0,249,1804.0,902.0,SC
2014 - 2016,45035,2016,2014,4,1,3,99789.0,259,10604.0,2651.0,SC
2016 - 2018,45035,2018,2016,1,0,1,100037.0,273,248.0,248.0,SC
2018 - 2020,45035,2020,2018,6,3,3,113262.0,284,13225.0,2204.0,SC
2020 - 2022,45035,2022,2020,4,3,1,106797.0,282,-6465.0,1616.0,SC
2012 - 2014,45037,2014,2012,1,1,0,15667.0,53,-257.0,257.0,SC
2014 - 2016,45037,2016,2014,0,0,0,16728.0,53,1061.0,0.0,SC
2016 - 2018,45037,2018,2016,0,0,0,16527.0,53,-201.0,0.0,SC
2018 - 2020,45037,2020,2018,5,3,2,18320.0,54,1793.0,358.0,SC
2020 - 2022,45037,2022,2020,2,1,1,17909.0,52,-411.0,205.0,SC
2012 - 2014,45039,2014,2012,0,0,0,15381.0,34,-234.0,0.0,SC
2014 - 2016,45039,2016,2014,0,0,0,15885.0,34,504.0,0.0,SC
2016 - 2018,45039,2018,2016,0,0,0,15360.0,33,-525.0,0.0,SC
2018 - 2020,45039,2020,2018,1,1,0,16222.0,33,862.0,862.0,SC
2020 - 2022,45039,2022,2020,0,0,0,15817.0,31,-405.0,0.0,SC
2012 - 2014,45041,2014,2012,1,0,1,82099.0,173,-1280.0,1280.0,SC
2014 - 2016,45041,2016,2014,4,1,3,87689.0,173,5590.0,1397.0,SC
2016 - 2018,45041,2018,2016,7,3,4,84880.0,173,-2809.0,401.0,SC
2018 - 2020,45041,2020,2018,19,9,10,91575.0,173,6695.0,352.0,SC
2020 - 2022,45041,2022,2020,9,6,3,82842.0,171,-8733.0,970.0,SC
2012 - 2014,45043,2014,2012,0,0,0,41109.0,74,15.0,0.0,SC
2014 - 2016,45043,2016,2014,0,0,0,42782.0,75,1673.0,0.0,SC
2016 - 2018,45043,2018,2016,1,1,0,42742.0,76,-40.0,40.0,SC
2018 - 2020,45043,2020,2018,10,4,6,47196.0,76,4454.0,445.0,SC
2020 - 2022,45043,2022,2020,6,4,2,48343.0,77,1147.0,191.0,SC
2012 - 2014,45045,2014,2012,15,7,8,286128.0,595,-310.0,20.0,SC
2014 - 2016,45045,2016,2014,12,7,5,312676.0,614,26548.0,2212.0,SC
2016 - 2018,45045,2018,2016,2,1,1,312870.0,635,194.0,97.0,SC
2018 - 2020,45045,2020,2018,26,10,16,350535.0,657,37665.0,1448.0,SC
2020 - 2022,45045,2022,2020,24,9,15,344300.0,661,-6235.0,259.0,SC
2012 - 2014,45047,2014,2012,4,4,0,39143.0,153,-1161.0,290.0,SC
2014 - 2016,45047,2016,2014,1,0,1,41698.0,154,2555.0,2555.0,SC
2016 - 2018,45047,2018,2016,2,2,0,40458.0,155,-1240.0,620.0,SC
2018 - 2020,45047,2020,2018,16,6,10,43318.0,155,2860.0,178.0,SC
2020 - 2022,45047,2022,2020,14,9,5,40336.0,152,-2982.0,213.0,SC
2012 - 2014,45049,2014,2012,0,0,0,12784.0,37,-47.0,0.0,SC
2014 - 2016,45049,2016,2014,0,0,0,12991.0,36,207.0,0.0,SC
2016 - 2018,45049,2018,2016,0,0,0,12530.0,35,-461.0,0.0,SC
2018 - 2020,45049,2020,2018,1,1,0,13190.0,34,660.0,660.0,SC
2020 - 2022,45049,2022,2020,3,1,2,12067.0,34,-1123.0,374.0,SC
2012 - 2014,45051,2014,2012,7,4,3,177527.0,250,6814.0,973.0,SC
2014 - 2016,45051,2016,2014,9,5,4,204929.0,265,27402.0,3044.0,SC
2016 - 2018,45051,2018,2016,6,4,2,214821.0,283,9892.0,1648.0,SC
2018 - 2020,45051,2020,2018,15,7,8,254569.0,304,39748.0,2649.0,SC
2020 - 2022,45051,2022,2020,5,3,2,261725.0,304,7156.0,1431.0,SC
2012 - 2014,45053,2014,2012,3,2,1,15566.0,40,1111.0,370.0,SC
2014 - 2016,45053,2016,2014,1,0,1,17883.0,41,2317.0,2317.0,SC
2016 - 2018,45053,2018,2016,2,1,1,18755.0,43,872.0,436.0,SC
2018 - 2020,45053,2020,2018,4,2,2,21865.0,45,3110.0,777.0,SC
2020 - 2022,45053,2022,2020,9,5,4,22369.0,43,504.0,56.0,SC
2012 - 2014,45055,2014,2012,0,0,0,39116.0,86,-6.0,0.0,SC
2014 - 2016,45055,2016,2014,4,2,2,41676.0,87,2560.0,640.0,SC
2016 - 2018,45055,2018,2016,0,0,0,41433.0,89,-243.0,0.0,SC
2018 - 2020,45055,2020,2018,14,6,8,44370.0,91,2937.0,209.0,SC
2020 - 2022,45055,2022,2020,2,1,1,42777.0,89,-1593.0,796.0,SC
2012 - 2014,45057,2014,2012,0,0,0,49995.0,145,2552.0,0.0,SC
2014 - 2016,45057,2016,2014,7,6,1,54859.0,152,4864.0,694.0,SC
2016 - 2018,45057,2018,2016,1,1,0,58188.0,163,3329.0,3329.0,SC
2018 - 2020,45057,2020,2018,10,5,5,67514.0,174,9326.0,932.0,SC
2020 - 2022,45057,2022,2020,8,4,4,69690.0,172,2176.0,272.0,SC
2012 - 2014,45059,2014,2012,6,2,4,36259.0,93,-644.0,107.0,SC
2014 - 2016,45059,2016,2014,2,1,1,39516.0,93,3257.0,1628.0,SC
2016 - 2018,45059,2018,2016,4,2,2,38270.0,93,-1246.0,311.0,SC
2018 - 2020,45059,2020,2018,8,4,4,42249.0,94,3979.0,497.0,SC
2020 - 2022,45059,2022,2020,10,5,5,39823.0,94,-2426.0,242.0,SC
2012 - 2014,45061,2014,2012,0,0,0,11945.0,46,-145.0,0.0,SC
2014 - 2016,45061,2016,2014,0,0,0,12205.0,44,260.0,0.0,SC
2016 - 2018,45061,2018,2016,0,0,0,11556.0,43,-649.0,0.0,SC
2018 - 2020,45061,2020,2018,5,1,4,12016.0,42,460.0,92.0,SC
2020 - 2022,45061,2022,2020,4,4,0,10578.0,41,-1438.0,359.0,SC
2012 - 2014,45063,2014,2012,4,4,0,161424.0,387,-1142.0,285.0,SC
2014 - 2016,45063,2016,2014,0,0,0,176239.0,397,14815.0,0.0,SC
2016 - 2018,45063,2018,2016,0,0,0,178891.0,410,2652.0,0.0,SC
2018 - 2020,45063,2020,2018,7,2,5,200416.0,422,21525.0,3075.0,SC
2020 - 2022,45063,2022,2020,5,4,1,195197.0,417,-5219.0,1043.0,SC
2012 - 2014,45065,2014,2012,1,1,0,6634.0,28,-48.0,48.0,SC
2014 - 2016,45065,2016,2014,0,0,0,7093.0,27,459.0,0.0,SC
2016 - 2018,45065,2018,2016,0,0,0,7029.0,27,-64.0,0.0,SC
2018 - 2020,45065,2020,2018,10,5,5,7641.0,26,612.0,61.0,SC
2020 - 2022,45065,2022,2020,3,2,1,7609.0,27,-32.0,10.0,SC
2012 - 2014,45067,2014,2012,0,0,0,21310.0,66,-342.0,0.0,SC
2014 - 2016,45067,2016,2014,0,0,0,22314.0,65,1004.0,0.0,SC
2016 - 2018,45067,2018,2016,0,0,0,20883.0,65,-1431.0,0.0,SC
2018 - 2020,45067,2020,2018,0,0,0,21828.0,63,945.0,0.0,SC
2020 - 2022,45067,2022,2020,2,1,1,20431.0,60,-1397.0,698.0,SC
2012 - 2014,45069,2014,2012,0,0,0,17445.0,59,-213.0,0.0,SC
2014 - 2016,45069,2016,2014,0,0,0,18477.0,58,1032.0,0.0,SC
2016 - 2018,45069,2018,2016,0,0,0,17411.0,57,-1066.0,0.0,SC
2018 - 2020,45069,2020,2018,1,1,0,18401.0,55,990.0,990.0,SC
2020 - 2022,45069,2022,2020,0,0,0,16254.0,56,-2147.0,0.0,SC
2012 - 2014,45071,2014,2012,0,0,0,22130.0,60,-300.0,0.0,SC
2014 - 2016,45071,2016,2014,0,0,0,23531.0,60,1401.0,0.0,SC
2016 - 2018,45071,2018,2016,2,1,1,22849.0,60,-682.0,341.0,SC
2018 - 2020,45071,2020,2018,11,6,5,24832.0,61,1983.0,180.0,SC
2020 - 2022,45071,2022,2020,0,0,0,23732.0,60,-1100.0,0.0,SC
2012 - 2014,45073,2014,2012,2,1,1,45945.0,119,473.0,236.0,SC
2014 - 2016,45073,2016,2014,0,0,0,50114.0,120,4169.0,0.0,SC
2016 - 2018,45073,2018,2016,1,0,1,49509.0,122,-605.0,605.0,SC
2018 - 2020,45073,2020,2018,7,4,3,55810.0,125,6301.0,900.0,SC
2020 - 2022,45073,2022,2020,0,0,0,54116.0,124,-1694.0,0.0,SC
2012 - 2014,45075,2014,2012,0,0,0,55870.0,83,-4653.0,0.0,SC
2014 - 2016,45075,2016,2014,2,1,1,58756.0,81,2886.0,1443.0,SC
2016 - 2018,45075,2018,2016,0,0,0,56318.0,80,-2438.0,0.0,SC
2018 - 2020,45075,2020,2018,1,1,0,58785.0,79,2467.0,2467.0,SC
2020 - 2022,45075,2022,2020,4,3,1,53536.0,77,-5249.0,1312.0,SC
2012 - 2014,45077,2014,2012,6,3,3,62424.0,241,-1683.0,280.0,SC
2014 - 2016,45077,2016,2014,12,6,6,68808.0,243,6384.0,532.0,SC
2016 - 2018,45077,2018,2016,14,7,7,69847.0,247,1039.0,74.0,SC
2018 - 2020,45077,2020,2018,19,9,10,78015.0,252,8168.0,429.0,SC
2020 - 2022,45077,2022,2020,20,11,9,75940.0,261,-2075.0,103.0,SC
2012 - 2014,45079,2014,2012,29,26,3,240416.0,520,-4305.0,148.0,SC
2014 - 2016,45079,2016,2014,1,0,1,252739.0,531,12323.0,12323.0,SC
2016 - 2018,45079,2018,2016,14,6,8,251063.0,539,-1676.0,119.0,SC
2018 - 2020,45079,2020,2018,23,11,12,278632.0,548,27569.0,1198.0,SC
2020 - 2022,45079,2022,2020,29,11,18,271139.0,548,-7493.0,258.0,SC
2012 - 2014,45081,2014,2012,0,0,0,11037.0,44,-282.0,0.0,SC
2014 - 2016,45081,2016,2014,0,0,0,11817.0,44,780.0,0.0,SC
2016 - 2018,45081,2018,2016,0,0,0,11259.0,45,-558.0,0.0,SC
2018 - 2020,45081,2020,2018,12,5,7,12078.0,45,819.0,68.0,SC
2020 - 2022,45081,2022,2020,8,3,5,11639.0,42,-439.0,54.0,SC
2012 - 2014,45083,2014,2012,1,0,1,160749.0,357,430.0,430.0,SC
2014 - 2016,45083,2016,2014,15,6,9,177635.0,364,16886.0,1125.0,SC
2016 - 2018,45083,2018,2016,6,5,1,179502.0,374,1867.0,311.0,SC
2018 - 2020,45083,2020,2018,14,7,7,204789.0,388,25287.0,1806.0,SC
2020 - 2022,45083,2022,2020,16,7,9,202773.0,399,-2016.0,126.0,SC
2012 - 2014,45085,2014,2012,1,0,1,63355.0,162,-3912.0,3912.0,SC
2014 - 2016,45085,2016,2014,0,0,0,68619.0,162,5264.0,0.0,SC
2016 - 2018,45085,2018,2016,2,1,1,67355.0,161,-1264.0,632.0,SC
2018 - 2020,45085,2020,2018,12,5,7,73261.0,160,5906.0,492.0,SC
2020 - 2022,45085,2022,2020,1,1,0,66461.0,159,-6800.0,6800.0,SC
2012 - 2014,45087,2014,2012,0,0,0,16986.0,55,-295.0,0.0,SC
2014 - 2016,45087,2016,2014,0,0,0,17573.0,54,587.0,0.0,SC
2016 - 2018,45087,2018,2016,0,0,0,16279.0,54,-1294.0,0.0,SC
2018 - 2020,45087,2020,2018,1,1,0,17512.0,53,1233.0,1233.0,SC
2020 - 2022,45087,2022,2020,6,3,3,16259.0,53,-1253.0,208.0,SC
2012 - 2014,45089,2014,2012,0,0,0,21692.0,36,-297.0,0.0,SC
2014 - 2016,45089,2016,2014,1,0,1,22646.0,35,954.0,954.0,SC
2016 - 2018,45089,2018,2016,0,0,0,21345.0,34,-1301.0,0.0,SC
2018 - 2020,45089,2020,2018,6,4,2,22213.0,33,868.0,144.0,SC
2020 - 2022,45089,2022,2020,4,2,2,20266.0,33,-1947.0,486.0,SC
2012 - 2014,45091,2014,2012,9,6,3,148767.0,346,5428.0,603.0,SC
2014 - 2016,45091,2016,2014,11,5,6,167053.0,361,18286.0,1662.0,SC
2016 - 2018,45091,2018,2016,20,10,10,171233.0,380,4180.0,209.0,SC
2018 - 2020,45091,2020,2018,11,6,5,197666.0,402,26433.0,2403.0,SC
2020 - 2022,45091,2022,2020,19,10,9,194401.0,406,-3265.0,171.0,SC
2016 - 2018,13001,2018,2016,5,4,1,,36,,,GA
2018 - 2020,13001,2020,2018,5,1,4,,36,,,GA
2020 - 2022,13001,2022,2020,5,2,3,,36,,,GA
2016 - 2018,13003,2018,2016,0,0,0,,24,,0.0,GA
2018 - 2020,13003,2020,2018,0,0,0,,24,,0.0,GA
2020 - 2022,13003,2022,2020,0,0,0,,24,,0.0,GA
2016 - 2018,13005,2018,2016,4,4,0,,40,,,GA
2018 - 2020,13005,2020,2018,4,0,4,,39,,,GA
2020 - 2022,13005,2022,2020,0,0,0,,39,,0.0,GA
2016 - 2018,13007,2018,2016,6,1,5,,9,,,GA
2018 - 2020,13007,2020,2018,0,0,0,,9,,0.0,GA
2020 - 2022,13007,2022,2020,8,7,1,,9,,,GA
2016 - 2018,13009,2018,2016,0,0,0,,175,,0.0,GA
2018 - 2020,13009,2020,2018,0,0,0,,174,,0.0,GA
2020 - 2022,13009,2022,2020,1,1,0,,170,,,GA
2016 - 2018,13011,2018,2016,9,8,1,,80,,,GA
2018 - 2020,13011,2020,2018,2,1,1,,81,,,GA
2020 - 2022,13011,2022,2020,15,2,13,,78,,,GA
2016 - 2018,13013,2018,2016,12,10,2,,477,,,GA
2018 - 2020,13013,2020,2018,0,0,0,,505,,0.0,GA
2020 - 2022,13013,2022,2020,17,5,12,,510,,,GA
2016 - 2018,13015,2018,2016,4,2,2,,225,,,GA
2018 - 2020,13015,2020,2018,3,1,2,,232,,,GA
2020 - 2022,13015,2022,2020,2,2,0,,235,,,GA
2016 - 2018,13017,2018,2016,4,3,1,,69,,,GA
2018 - 2020,13017,2020,2018,1,0,1,,68,,,GA
2020 - 2022,13017,2022,2020,3,1,2,,69,,,GA
2016 - 2018,13019,2018,2016,0,0,0,,42,,0.0,GA
2018 - 2020,13019,2020,2018,0,0,0,,42,,0.0,GA
2020 - 2022,13019,2022,2020,2,1,1,,40,,,GA
2016 - 2018,13021,2018,2016,19,10,9,,615,,,GA
2018 - 2020,13021,2020,2018,11,5,6,,614,,,GA
2020 - 2022,13021,2022,2020,8,5,3,,628,,,GA
2016 - 2018,13023,2018,2016,4,2,2,,59,,,GA
2018 - 2020,13023,2020,2018,0,0,0,,60,,0.0,GA
2020 - 2022,13023,2022,2020,5,3,2,,58,,,GA
2016 - 2018,13025,2018,2016,0,0,0,,42,,0.0,GA
2018 - 2020,13025,2020,2018,0,0,0,,43,,0.0,GA
2020 - 2022,13025,2022,2020,3,2,1,,41,,,GA
2016 - 2018,13027,2018,2016,2,1,1,,32,,,GA
2018 - 2020,13027,2020,2018,0,0,0,,32,,0.0,GA
2020 - 2022,13027,2022,2020,5,3,2,,33,,,GA
2016 - 2018,13029,2018,2016,4,2,2,,82,,,GA
2018 - 2020,13029,2020,2018,2,1,1,,88,,,GA
2020 - 2022,13029,2022,2020,7,4,3,,99,,,GA
2016 - 2018,13031,2018,2016,9,4,5,,111,,,GA
2018 - 2020,13031,2020,2018,0,0,0,,115,,0.0,GA
2020 - 2022,13031,2022,2020,6,4,2,,118,,,GA
2016 - 2018,13033,2018,2016,2,1,1,,27,,,GA
2018 - 2020,13033,2020,2018,2,1,1,,27,,,GA
2020 - 2022,13033,2022,2020,2,1,1,,29,,,GA
2016 - 2018,13035,2018,2016,6,5,1,,129,,,GA
2018 - 2020,13035,2020,2018,6,1,5,,133,,,GA
2020 - 2022,13035,2022,2020,5,5,0,,136,,,GA
2016 - 2018,13037,2018,2016,2,1,1,,23,,,GA
2018 - 2020,13037,2020,2018,2,1,1,,22,,,GA
2020 - 2022,13037,2022,2020,3,2,1,,20,,,GA
2016 - 2018,13039,2018,2016,14,7,7,,84,,,GA
2018 - 2020,13039,2020,2018,0,0,0,,86,,0.0,GA
2020 - 2022,13039,2022,2020,15,8,7,,86,,,GA
2016 - 2018,13043,2018,2016,0,0,0,,45,,0.0,GA
2018 - 2020,13043,2020,2018,0,0,0,,45,,0.0,GA
2020 - 2022,13043,2022,2020,0,0,0,,45,,0.0,GA
2016 - 2018,13045,2018,2016,14,8,6,,232,,,GA
2018 - 2020,13045,2020,2018,12,5,7,,238,,,GA
2020 - 2022,13045,2022,2020,6,3,3,,237,,,GA
2016 - 2018,13047,2018,2016,0,0,0,,409,,0.0,GA
2018 - 2020,13047,2020,2018,0,0,0,,414,,0.0,GA
2020 - 2022,13047,2022,2020,0,0,0,,417,,0.0,GA
2016 - 2018,13049,2018,2016,0,0,0,,17,,0.0,GA
2018 - 2020,13049,2020,2018,0,0,0,,17,,0.0,GA
2020 - 2022,13049,2022,2020,5,2,3,,16,,,GA
2016 - 2018,13051,2018,2016,17,7,10,,663,,,GA
2018 - 2020,13051,2020,2018,1,1,0,,669,,,GA
2020 - 2022,13051,2022,2020,46,25,21,,681,,,GA
2016 - 2018,13053,2018,2016,0,0,0,,43,,0.0,GA
2018 - 2020,13053,2020,2018,0,0,0,,42,,0.0,GA
2020 - 2022,13053,2022,2020,1,1,0,,38,,,GA
2016 - 2018,13055,2018,2016,11,8,3,,79,,,GA
2018 - 2020,13055,2020,2018,2,1,1,,79,,,GA
2020 - 2022,13055,2022,2020,12,4,8,,79,,,GA
2016 - 2018,13057,2018,2016,18,10,8,,574,,,GA
2018 - 2020,13057,2020,2018,3,1,2,,603,,,GA
2020 - 2022,13057,2022,2020,17,9,8,,623,,,GA
2016 - 2018,13059,2018,2016,5,1,4,,1045,,,GA
2018 - 2020,13059,2020,2018,3,1,2,,1065,,,GA
2020 - 2022,13059,2022,2020,9,8,1,,1075,,,GA
2016 - 2018,13061,2018,2016,0,0,0,,15,,0.0,GA
2018 - 2020,13061,2020,2018,0,0,0,,15,,0.0,GA
2020 - 2022,13061,2022,2020,0,0,0,,15,,0.0,GA
2016 - 2018,13063,2018,2016,17,5,12,,1967,,,GA
2018 - 2020,13063,2020,2018,2,1,1,,2030,,,GA
2020 - 2022,13063,2022,2020,32,24,8,,2076,,,GA
2016 - 2018,13065,2018,2016,2,1,1,,8,,,GA
2018 - 2020,13065,2020,2018,0,0,0,,8,,0.0,GA
2020 - 2022,13065,2022,2020,4,2,2,,8,,,GA
2016 - 2018,13067,2018,2016,86,42,44,,2193,,,GA
2018 - 2020,13067,2020,2018,14,6,8,,2227,,,GA
2020 - 2022,13067,2022,2020,103,55,48,,2244,,,GA
2016 - 2018,13069,2018,2016,0,0,0,,73,,0.0,GA
2018 - 2020,13069,2020,2018,0,0,0,,73,,0.0,GA
2020 - 2022,13069,2022,2020,1,1,0,,73,,,GA
2016 - 2018,13071,2018,2016,0,0,0,,83,,0.0,GA
2018 - 2020,13071,2020,2018,0,0,0,,83,,0.0,GA
2020 - 2022,13071,2022,2020,9,5,4,,84,,,GA
2016 - 2018,13073,2018,2016,17,8,9,,508,,,GA
2018 - 2020,13073,2020,2018,6,3,3,,532,,,GA
2020 - 2022,13073,2022,2020,18,12,6,,532,,,GA
2016 - 2018,13075,2018,2016,0,0,0,,75,,0.0,GA
2018 - 2020,13075,2020,2018,0,0,0,,75,,0.0,GA
2020 - 2022,13075,2022,2020,1,1,0,,75,,,GA
2016 - 2018,13077,2018,2016,13,8,5,,319,,,GA
2018 - 2020,13077,2020,2018,7,3,4,,331,,,GA
2020 - 2022,13077,2022,2020,9,4,5,,329,,,GA
2016 - 2018,13079,2018,2016,8,4,4,,38,,,GA
2018 - 2020,13079,2020,2018,4,2,2,,38,,,GA
2020 - 2022,13079,2022,2020,3,1,2,,37,,,GA
2016 - 2018,13081,2018,2016,4,2,2,,84,,,GA
2018 - 2020,13081,2020,2018,0,0,0,,83,,0.0,GA
2020 - 2022,13081,2022,2020,4,2,2,,75,,,GA
2016 - 2018,13083,2018,2016,3,1,2,,93,,,GA
2018 - 2020,13083,2020,2018,3,2,1,,93,,,GA
2020 - 2022,13083,2022,2020,1,1,0,,94,,,GA
2016 - 2018,13085,2018,2016,0,0,0,,113,,0.0,GA
2018 - 2020,13085,2020,2018,0,0,0,,120,,0.0,GA
2020 - 2022,13085,2022,2020,0,0,0,,124,,0.0,GA
2016 - 2018,13087,2018,2016,2,1,1,,45,,,GA
2018 - 2020,13087,2020,2018,0,0,0,,45,,0.0,GA
2020 - 2022,13087,2022,2020,4,3,1,,49,,,GA
2016 - 2018,13089,2018,2016,39,24,15,,2776,,,GA
2018 - 2020,13089,2020,2018,16,7,9,,2821,,,GA
2020 - 2022,13089,2022,2020,45,23,22,,2835,,,GA
2016 - 2018,13091,2018,2016,21,7,14,,42,,,GA
2018 - 2020,13091,2020,2018,0,0,0,,42,,0.0,GA
2020 - 2022,13091,2022,2020,22,15,7,,41,,,GA
2016 - 2018,13093,2018,2016,2,1,1,,35,,,GA
2018 - 2020,13093,2020,2018,0,0,0,,35,,0.0,GA
2020 - 2022,13093,2022,2020,2,1,1,,29,,,GA
2016 - 2018,13095,2018,2016,2,1,1,,277,,,GA
2018 - 2020,13095,2020,2018,0,0,0,,270,,0.0,GA
2020 - 2022,13095,2022,2020,11,6,5,,264,,,GA
2016 - 2018,13097,2018,2016,10,5,5,,709,,,GA
2018 - 2020,13097,2020,2018,6,3,3,,725,,,GA
2020 - 2022,13097,2022,2020,7,5,2,,717,,,GA
2016 - 2018,13099,2018,2016,0,0,0,,20,,0.0,GA
2018 - 2020,13099,2020,2018,0,0,0,,20,,0.0,GA
2020 - 2022,13099,2022,2020,0,0,0,,21,,0.0,GA
2016 - 2018,13101,2018,2016,0,0,0,,10,,0.0,GA
2018 - 2020,13101,2020,2018,0,0,0,,9,,0.0,GA
2020 - 2022,13101,2022,2020,1,1,0,,9,,,GA
2016 - 2018,13103,2018,2016,8,4,4,,123,,,GA
2018 - 2020,13103,2020,2018,4,2,2,,130,,,GA
2020 - 2022,13103,2022,2020,8,6,2,,133,,,GA
2016 - 2018,13105,2018,2016,4,2,2,,55,,,GA
2018 - 2020,13105,2020,2018,0,0,0,,55,,0.0,GA
2020 - 2022,13105,2022,2020,4,2,2,,55,,,GA
2016 - 2018,13107,2018,2016,0,0,0,,33,,0.0,GA
2018 - 2020,13107,2020,2018,0,0,0,,33,,0.0,GA
2020 - 2022,13107,2022,2020,1,1,0,,33,,,GA
2016 - 2018,13109,2018,2016,0,0,0,,59,,0.0,GA
2018 - 2020,13109,2020,2018,0,0,0,,58,,0.0,GA
2020 - 2022,13109,2022,2020,1,1,0,,59,,,GA
2016 - 2018,13111,2018,2016,0,0,0,,64,,0.0,GA
2018 - 2020,13111,2020,2018,0,0,0,,67,,0.0,GA
2020 - 2022,13111,2022,2020,1,1,0,,65,,,GA
2016 - 2018,13113,2018,2016,4,2,2,,573,,,GA
2018 - 2020,13113,2020,2018,0,0,0,,584,,0.0,GA
2020 - 2022,13113,2022,2020,7,4,3,,606,,,GA
2016 - 2018,13115,2018,2016,2,1,1,,190,,,GA
2018 - 2020,13115,2020,2018,2,1,1,,192,,,GA
2020 - 2022,13115,2022,2020,4,1,3,,193,,,GA
2016 - 2018,13117,2018,2016,8,2,6,,979,,,GA
2018 - 2020,13117,2020,2018,3,1,2,,1053,,,GA
2020 - 2022,13117,2022,2020,20,17,3,,1094,,,GA
2016 - 2018,13119,2018,2016,4,2,2,,86,,,GA
2018 - 2020,13119,2020,2018,0,0,0,,88,,0.0,GA
2020 - 2022,13119,2022,2020,9,5,4,,89,,,GA
2016 - 2018,13121,2018,2016,149,49,100,,1940,,,GA
2018 - 2020,13121,2020,2018,52,17,35,,1997,,,GA
2020 - 2022,13121,2022,2020,161,114,47,,2001,,,GA
2016 - 2018,13123,2018,2016,2,1,1,,70,,,GA
2018 - 2020,13123,2020,2018,2,1,1,,73,,,GA
2020 - 2022,13123,2022,2020,3,2,1,,73,,,GA
2016 - 2018,13125,2018,2016,0,0,0,,21,,0.0,GA
2018 - 2020,13125,2020,2018,0,0,0,,21,,0.0,GA
2020 - 2022,13125,2022,2020,0,0,0,,20,,0.0,GA
2016 - 2018,13127,2018,2016,11,6,5,,200,,,GA
2018 - 2020,13127,2020,2018,10,5,5,,203,,,GA
2020 - 2022,13127,2022,2020,10,5,5,,201,,,GA
2016 - 2018,13129,2018,2016,4,2,2,,160,,,GA
2018 - 2020,13129,2020,2018,4,2,2,,162,,,GA
2020 - 2022,13129,2022,2020,3,2,1,,161,,,GA
2016 - 2018,13131,2018,2016,3,3,0,,55,,,GA
2018 - 2020,13131,2020,2018,0,0,0,,54,,0.0,GA
2020 - 2022,13131,2022,2020,4,2,2,,57,,,GA
2016 - 2018,13133,2018,2016,7,5,2,,44,,,GA
2018 - 2020,13133,2020,2018,7,2,5,,46,,,GA
2020 - 2022,13133,2022,2020,0,0,0,,48,,0.0,GA
2016 - 2018,13135,2018,2016,23,12,11,,2096,,,GA
2018 - 2020,13135,2020,2018,10,5,5,,2151,,,GA
2020 - 2022,13135,2022,2020,33,17,16,,2202,,,GA
2016 - 2018,13137,2018,2016,2,1,1,,160,,,GA
2018 - 2020,13137,2020,2018,0,0,0,,163,,0.0,GA
2020 - 2022,13137,2022,2020,3,1,2,,165,,,GA
2016 - 2018,13139,2018,2016,6,3,3,,499,,,GA
2018 - 2020,13139,2020,2018,2,1,1,,513,,,GA
2020 - 2022,13139,2022,2020,14,7,7,,513,,,GA
2016 - 2018,13141,2018,2016,0,0,0,,18,,0.0,GA
2018 - 2020,13141,2020,2018,0,0,0,,18,,0.0,GA
2020 - 2022,13141,2022,2020,1,1,0,,18,,,GA
2016 - 2018,13143,2018,2016,4,2,2,,103,,,GA
2018 - 2020,13143,2020,2018,4,2,2,,105,,,GA
2020 - 2022,13143,2022,2020,2,1,1,,105,,,GA
2016 - 2018,13145,2018,2016,8,4,4,,72,,,GA
2018 - 2020,13145,2020,2018,2,1,1,,75,,,GA
2020 - 2022,13145,2022,2020,7,4,3,,74,,,GA
2016 - 2018,13147,2018,2016,0,0,0,,110,,0.0,GA
2018 - 2020,13147,2020,2018,0,0,0,,112,,0.0,GA
2020 - 2022,13147,2022,2020,5,3,2,,111,,,GA
2016 - 2018,13149,2018,2016,2,1,1,,39,,,GA
2018 - 2020,13149,2020,2018,2,1,1,,40,,,GA
2020 - 2022,13149,2022,2020,3,2,1,,39,,,GA
2016 - 2018,13151,2018,2016,51,26,25,,695,,,GA
2018 - 2020,13151,2020,2018,17,8,9,,722,,,GA
2020 - 2022,13151,2022,2020,38,20,18,,742,,,GA
2016 - 2018,13153,2018,2016,1,1,0,,403,,,GA
2018 - 2020,13153,2020,2018,1,0,1,,413,,,GA
2020 - 2022,13153,2022,2020,8,4,4,,429,,,GA
2016 - 2018,13155,2018,2016,4,4,0,,26,,,GA
2018 - 2020,13155,2020,2018,5,1,4,,26,,,GA
2020 - 2022,13155,2022,2020,2,1,1,,27,,,GA
2016 - 2018,13157,2018,2016,17,14,3,,194,,,GA
2018 - 2020,13157,2020,2018,17,3,14,,207,,,GA
2020 - 2022,13157,2022,2020,3,2,1,,217,,,GA
2016 - 2018,13159,2018,2016,0,0,0,,37,,0.0,GA
2018 - 2020,13159,2020,2018,0,0,0,,38,,0.0,GA
2020 - 2022,13159,2022,2020,1,1,0,,39,,,GA
2016 - 2018,13161,2018,2016,11,7,4,,45,,,GA
2018 - 2020,13161,2020,2018,11,3,8,,46,,,GA
2020 - 2022,13161,2022,2020,3,3,0,,45,,,GA
2016 - 2018,13163,2018,2016,4,2,2,,30,,,GA
2018 - 2020,13163,2020,2018,2,1,1,,29,,,GA
2020 - 2022,13163,2022,2020,5,3,2,,30,,,GA
2016 - 2018,13165,2018,2016,2,2,0,,25,,,GA
2018 - 2020,13165,2020,2018,2,0,2,,25,,,GA
2020 - 2022,13165,2022,2020,1,1,0,,25,,,GA
2016 - 2018,13167,2018,2016,2,1,1,,32,,,GA
2018 - 2020,13167,2020,2018,2,1,1,,32,,,GA
2020 - 2022,13167,2022,2020,1,1,0,,31,,,GA
2016 - 2018,13169,2018,2016,0,0,0,,72,,0.0,GA
2018 - 2020,13169,2020,2018,0,0,0,,73,,0.0,GA
2020 - 2022,13169,2022,2020,0,0,0,,72,,0.0,GA
2016 - 2018,13171,2018,2016,4,2,2,,101,,,GA
2018 - 2020,13171,2020,2018,0,0,0,,103,,0.0,GA
2020 - 2022,13171,2022,2020,5,3,2,,101,,,GA
2016 - 2018,13173,2018,2016,5,4,1,,53,,,GA
2018 - 2020,13173,2020,2018,3,0,3,,54,,,GA
2020 - 2022,13173,2022,2020,2,1,1,,50,,,GA
2016 - 2018,13175,2018,2016,3,2,1,,59,,,GA
2018 - 2020,13175,2020,2018,3,1,2,,59,,,GA
2020 - 2022,13175,2022,2020,3,2,1,,61,,,GA
2016 - 2018,13177,2018,2016,0,0,0,,82,,0.0,GA
2018 - 2020,13177,2020,2018,0,0,0,,84,,0.0,GA
2020 - 2022,13177,2022,2020,1,1,0,,91,,,GA
2016 - 2018,13179,2018,2016,4,2,2,,120,,,GA
2018 - 2020,13179,2020,2018,0,0,0,,120,,0.0,GA
2020 - 2022,13179,2022,2020,11,6,5,,125,,,GA
2016 - 2018,13181,2018,2016,0,0,0,,37,,0.0,GA
2018 - 2020,13181,2020,2018,0,0,0,,38,,0.0,GA
2020 - 2022,13181,2022,2020,0,0,0,,37,,0.0,GA
2016 - 2018,13183,2018,2016,5,2,3,,45,,,GA
2018 - 2020,13183,2020,2018,5,3,2,,48,,,GA
2020 - 2022,13183,2022,2020,1,1,0,,41,,,GA
2016 - 2018,13185,2018,2016,8,2,6,,230,,,GA
2018 - 2020,13185,2020,2018,2,1,1,,234,,,GA
2020 - 2022,13185,2022,2020,12,11,1,,236,,,GA
2016 - 2018,13187,2018,2016,1,0,1,,113,,,GA
2018 - 2020,13187,2020,2018,0,0,0,,117,,0.0,GA
2020 - 2022,13187,2022,2020,2,2,0,,117,,,GA
2016 - 2018,13189,2018,2016,7,5,2,,83,,,GA
2018 - 2020,13189,2020,2018,3,0,3,,83,,,GA
2020 - 2022,13189,2022,2020,5,3,2,,84,,,GA
2016 - 2018,13191,2018,2016,4,2,2,,33,,,GA
2018 - 2020,13191,2020,2018,0,0,0,,33,,0.0,GA
2020 - 2022,13191,2022,2020,5,2,3,,26,,,GA
2016 - 2018,13193,2018,2016,2,1,1,,34,,,GA
2018 - 2020,13193,2020,2018,0,0,0,,33,,0.0,GA
2020 - 2022,13193,2022,2020,4,2,2,,31,,,GA
2016 - 2018,13195,2018,2016,8,4,4,,102,,,GA
2018 - 2020,13195,2020,2018,2,1,1,,105,,,GA
2020 - 2022,13195,2022,2020,8,4,4,,106,,,GA
2016 - 2018,13197,2018,2016,0,0,0,,23,,0.0,GA
2018 - 2020,13197,2020,2018,0,0,0,,23,,0.0,GA
2020 - 2022,13197,2022,2020,0,0,0,,21,,0.0,GA
2016 - 2018,13199,2018,2016,6,3,3,,42,,,GA
2018 - 2020,13199,2020,2018,4,2,2,,42,,,GA
2020 - 2022,13199,2022,2020,3,2,1,,41,,,GA
2016 - 2018,13201,2018,2016,0,0,0,,21,,0.0,GA
2018 - 2020,13201,2020,2018,0,0,0,,20,,0.0,GA
2020 - 2022,13201,2022,2020,1,1,0,,21,,,GA
2016 - 2018,13205,2018,2016,1,1,0,,44,,,GA
2018 - 2020,13205,2020,2018,0,0,0,,43,,0.0,GA
2020 - 2022,13205,2022,2020,3,2,1,,43,,,GA
2016 - 2018,13207,2018,2016,0,0,0,,68,,0.0,GA
2018 - 2020,13207,2020,2018,0,0,0,,69,,0.0,GA
2020 - 2022,13207,2022,2020,3,2,1,,70,,,GA
2016 - 2018,13209,2018,2016,2,1,1,,37,,,GA
2018 - 2020,13209,2020,2018,0,0,0,,38,,0.0,GA
2020 - 2022,13209,2022,2020,3,2,1,,36,,,GA
2016 - 2018,13211,2018,2016,2,1,1,,52,,,GA
2018 - 2020,13211,2020,2018,0,0,0,,54,,0.0,GA
2020 - 2022,13211,2022,2020,3,1,2,,57,,,GA
2016 - 2018,13213,2018,2016,7,4,3,,115,,,GA
2018 - 2020,13213,2020,2018,7,3,4,,116,,,GA
2020 - 2022,13213,2022,2020,1,1,0,,116,,,GA
2016 - 2018,13215,2018,2016,9,5,4,,909,,,GA
2018 - 2020,13215,2020,2018,3,1,2,,903,,,GA
2020 - 2022,13215,2022,2020,29,7,22,,944,,,GA
2016 - 2018,13217,2018,2016,2,1,1,,389,,,GA
2018 - 2020,13217,2020,2018,2,1,1,,401,,,GA
2020 - 2022,13217,2022,2020,11,6,5,,406,,,GA
2016 - 2018,13219,2018,2016,13,8,5,,201,,,GA
2018 - 2020,13219,2020,2018,0,0,0,,213,,0.0,GA
2020 - 2022,13219,2022,2020,14,5,9,,222,,,GA
2016 - 2018,13221,2018,2016,2,1,1,,34,,,GA
2018 - 2020,13221,2020,2018,2,1,1,,34,,,GA
2020 - 2022,13221,2022,2020,1,1,0,,34,,,GA
2016 - 2018,13223,2018,2016,25,10,15,,499,,,GA
2018 - 2020,13223,2020,2018,8,3,5,,526,,,GA
2020 - 2022,13223,2022,2020,21,13,8,,530,,,GA
2016 - 2018,13225,2018,2016,0,0,0,,179,,0.0,GA
2018 - 2020,13225,2020,2018,0,0,0,,183,,0.0,GA
2020 - 2022,13225,2022,2020,1,1,0,,185,,,GA
2016 - 2018,13227,2018,2016,2,1,1,,133,,,GA
2018 - 2020,13227,2020,2018,0,0,0,,138,,0.0,GA
2020 - 2022,13227,2022,2020,5,3,2,,141,,,GA
2016 - 2018,13229,2018,2016,0,0,0,,56,,0.0,GA
2018 - 2020,13229,2020,2018,0,0,0,,57,,0.0,GA
2020 - 2022,13229,2022,2020,1,1,0,,58,,,GA
2016 - 2018,13231,2018,2016,6,3,3,,84,,,GA
2018 - 2020,13231,2020,2018,0,0,0,,86,,0.0,GA
2020 - 2022,13231,2022,2020,7,4,3,,87,,,GA
2016 - 2018,13233,2018,2016,4,2,2,,134,,,GA
2018 - 2020,13233,2020,2018,4,2,2,,136,,,GA
2020 - 2022,13233,2022,2020,3,2,1,,138,,,GA
2016 - 2018,13235,2018,2016,0,0,0,,45,,0.0,GA
2018 - 2020,13235,2020,2018,0,0,0,,45,,0.0,GA
2020 - 2022,13235,2022,2020,2,1,1,,40,,,GA
2016 - 2018,13237,2018,2016,2,1,1,,62,,,GA
2018 - 2020,13237,2020,2018,0,0,0,,64,,0.0,GA
2020 - 2022,13237,2022,2020,2,1,1,,63,,,GA
2016 - 2018,13239,2018,2016,2,1,1,,15,,,GA
2018 - 2020,13239,2020,2018,0,0,0,,15,,0.0,GA
2020 - 2022,13239,2022,2020,3,2,1,,15,,,GA
2016 - 2018,13241,2018,2016,2,1,1,,44,,,GA
2018 - 2020,13241,2020,2018,0,0,0,,46,,0.0,GA
2020 - 2022,13241,2022,2020,2,1,1,,45,,,GA
2016 - 2018,13243,2018,2016,4,3,1,,17,,,GA
2018 - 2020,13243,2020,2018,2,1,1,,16,,,GA
2020 - 2022,13243,2022,2020,2,0,2,,15,,,GA
2016 - 2018,13245,2018,2016,11,7,4,,621,,,GA
2018 - 2020,13245,2020,2018,5,1,4,,623,,,GA
2020 - 2022,13245,2022,2020,14,8,6,,634,,,GA
2016 - 2018,13247,2018,2016,19,11,8,,686,,,GA
2018 - 2020,13247,2020,2018,18,8,10,,694,,,GA
2020 - 2022,13247,2022,2020,9,5,4,,716,,,GA
2016 - 2018,13249,2018,2016,0,0,0,,31,,0.0,GA
2018 - 2020,13249,2020,2018,0,0,0,,31,,0.0,GA
2020 - 2022,13249,2022,2020,0,0,0,,28,,0.0,GA
2016 - 2018,13251,2018,2016,0,0,0,,22,,0.0,GA
2018 - 2020,13251,2020,2018,0,0,0,,22,,0.0,GA
2020 - 2022,13251,2022,2020,2,1,1,,22,,,GA
2016 - 2018,13253,2018,2016,0,0,0,,36,,0.0,GA
2018 - 2020,13253,2020,2018,0,0,0,,35,,0.0,GA
2020 - 2022,13253,2022,2020,1,1,0,,38,,,GA
2016 - 2018,13255,2018,2016,7,5,2,,330,,,GA
2018 - 2020,13255,2020,2018,7,2,5,,337,,,GA
2020 - 2022,13255,2022,2020,3,2,1,,340,,,GA
2016 - 2018,13257,2018,2016,0,0,0,,143,,0.0,GA
2018 - 2020,13257,2020,2018,0,0,0,,145,,0.0,GA
2020 - 2022,13257,2022,2020,2,2,0,,149,,,GA
2016 - 2018,13259,2018,2016,2,1,1,,13,,,GA
2018 - 2020,13259,2020,2018,2,1,1,,14,,,GA
2020 - 2022,13259,2022,2020,0,0,0,,12,,0.0,GA
2016 - 2018,13261,2018,2016,3,1,2,,63,,,GA
2018 - 2020,13261,2020,2018,0,0,0,,62,,0.0,GA
2020 - 2022,13261,2022,2020,11,5,6,,61,,,GA
2016 - 2018,13263,2018,2016,0,0,0,,16,,0.0,GA
2018 - 2020,13263,2020,2018,0,0,0,,16,,0.0,GA
2020 - 2022,13263,2022,2020,1,1,0,,15,,,GA
2016 - 2018,13265,2018,2016,0,0,0,,9,,0.0,GA
2018 - 2020,13265,2020,2018,0,0,0,,8,,0.0,GA
2020 - 2022,13265,2022,2020,0,0,0,,8,,0.0,GA
2016 - 2018,13267,2018,2016,0,0,0,,53,,0.0,GA
2018 - 2020,13267,2020,2018,0,0,0,,53,,0.0,GA
2020 - 2022,13267,2022,2020,2,1,1,,48,,,GA
2016 - 2018,13269,2018,2016,0,0,0,,22,,0.0,GA
2018 - 2020,13269,2020,2018,0,0,0,,22,,0.0,GA
2020 - 2022,13269,2022,2020,1,1,0,,21,,,GA
2016 - 2018,13271,2018,2016,7,4,3,,37,,,GA
2018 - 2020,13271,2020,2018,4,2,2,,36,,,GA
2020 - 2022,13271,2022,2020,4,2,2,,29,,,GA
2016 - 2018,13273,2018,2016,0,0,0,,26,,0.0,GA
2018 - 2020,13273,2020,2018,0,0,0,,26,,0.0,GA
2020 - 2022,13273,2022,2020,0,0,0,,27,,0.0,GA
2016 - 2018,13275,2018,2016,9,6,3,,82,,,GA
2018 - 2020,13275,2020,2018,0,0,0,,82,,0.0,GA
2020 - 2022,13275,2022,2020,11,5,6,,84,,,GA
2016 - 2018,13277,2018,2016,0,0,0,,155,,0.0,GA
2018 - 2020,13277,2020,2018,0,0,0,,156,,0.0,GA
2020 - 2022,13277,2022,2020,0,0,0,,158,,0.0,GA
2016 - 2018,13279,2018,2016,2,1,1,,74,,,GA
2018 - 2020,13279,2020,2018,0,0,0,,74,,0.0,GA
2020 - 2022,13279,2022,2020,3,2,1,,74,,,GA
2016 - 2018,13281,2018,2016,3,2,1,,69,,,GA
2018 - 2020,13281,2020,2018,0,0,0,,71,,0.0,GA
2020 - 2022,13281,2022,2020,2,0,2,,74,,,GA
2016 - 2018,13283,2018,2016,1,0,1,,34,,,GA
2018 - 2020,13283,2020,2018,0,0,0,,34,,0.0,GA
2020 - 2022,13283,2022,2020,1,1,0,,32,,,GA
2016 - 2018,13285,2018,2016,5,3,2,,169,,,GA
2018 - 2020,13285,2020,2018,2,1,1,,169,,,GA
2020 - 2022,13285,2022,2020,4,2,2,,168,,,GA
2016 - 2018,13287,2018,2016,0,0,0,,28,,0.0,GA
2018 - 2020,13287,2020,2018,0,0,0,,28,,0.0,GA
2020 - 2022,13287,2022,2020,0,0,0,,31,,0.0,GA
2016 - 2018,13289,2018,2016,0,0,0,,23,,0.0,GA
2018 - 2020,13289,2020,2018,0,0,0,,23,,0.0,GA
2020 - 2022,13289,2022,2020,3,2,1,,22,,,GA
2016 - 2018,13291,2018,2016,0,0,0,,71,,0.0,GA
2018 - 2020,13291,2020,2018,0,0,0,,75,,0.0,GA
2020 - 2022,13291,2022,2020,1,1,0,,75,,,GA
2016 - 2018,13293,2018,2016,0,0,0,,81,,0.0,GA
2018 - 2020,13293,2020,2018,0,0,0,,81,,0.0,GA
2020 - 2022,13293,2022,2020,0,0,0,,85,,0.0,GA
2016 - 2018,13295,2018,2016,6,3,3,,154,,,GA
2018 - 2020,13295,2020,2018,4,2,2,,155,,,GA
2020 - 2022,13295,2022,2020,1,1,0,,152,,,GA
2016 - 2018,13297,2018,2016,12,6,6,,276,,,GA
2018 - 2020,13297,2020,2018,2,1,1,,285,,,GA
2020 - 2022,13297,2022,2020,13,7,6,,292,,,GA
2016 - 2018,13299,2018,2016,7,4,3,,40,,,GA
2018 - 2020,13299,2020,2018,2,1,1,,40,,,GA
2020 - 2022,13299,2022,2020,6,3,3,,40,,,GA
2016 - 2018,13301,2018,2016,0,0,0,,19,,0.0,GA
2018 - 2020,13301,2020,2018,0,0,0,,18,,0.0,GA
2020 - 2022,13301,2022,2020,0,0,0,,18,,0.0,GA
2016 - 2018,13303,2018,2016,2,1,1,,30,,,GA
2018 - 2020,13303,2020,2018,0,0,0,,30,,0.0,GA
2020 - 2022,13303,2022,2020,3,2,1,,30,,,GA
2016 - 2018,13305,2018,2016,7,6,1,,46,,,GA
2018 - 2020,13305,2020,2018,7,1,6,,47,,,GA
2020 - 2022,13305,2022,2020,4,2,2,,47,,,GA
2016 - 2018,13307,2018,2016,2,1,1,,12,,,GA
2018 - 2020,13307,2020,2018,0,0,0,,12,,0.0,GA
2020 - 2022,13307,2022,2020,2,1,1,,11,,,GA
2016 - 2018,13309,2018,2016,0,0,0,,27,,0.0,GA
2018 - 2020,13309,2020,2018,0,0,0,,27,,0.0,GA
2020 - 2022,13309,2022,2020,1,1,0,,26,,,GA
2016 - 2018,13311,2018,2016,1,1,0,,120,,,GA
2018 - 2020,13311,2020,2018,0,0,0,,124,,0.0,GA
2020 - 2022,13311,2022,2020,5,2,3,,116,,,GA
2016 - 2018,13313,2018,2016,12,6,6,,358,,,GA
2018 - 2020,13313,2020,2018,2,1,1,,358,,,GA
2020 - 2022,13313,2022,2020,13,7,6,,355,,,GA
2016 - 2018,13315,2018,2016,3,2,1,,23,,,GA
2018 - 2020,13315,2020,2018,3,1,2,,23,,,GA
2020 - 2022,13315,2022,2020,0,0,0,,23,,0.0,GA
2016 - 2018,13317,2018,2016,0,0,0,,21,,0.0,GA
2018 - 2020,13317,2020,2018,0,0,0,,21,,0.0,GA
2020 - 2022,13317,2022,2020,0,0,0,,21,,0.0,GA
2016 - 2018,13319,2018,2016,0,0,0,,20,,0.0,GA
2018 - 2020,13319,2020,2018,0,0,0,,20,,0.0,GA
2020 - 2022,13319,2022,2020,0,0,0,,20,,0.0,GA
2016 - 2018,13321,2018,2016,3,2,1,,36,,,GA
2018 - 2020,13321,2020,2018,0,0,0,,36,,0.0,GA
2020 - 2022,13321,2022,2020,4,1,3,,36,,,GA
2012 - 2014,28001,2014,2012,1,0,1,,70,,,MS
2014 - 2016,28001,2016,2014,6,3,3,,69,,,MS
2016 - 2018,28001,2018,2016,5,2,3,,68,,,MS
2018 - 2022,28001,2022,2020,3,2,1,,65,,,MS
2012 - 2014,28003,2014,2012,2,1,1,,93,,,MS
2014 - 2016,28003,2016,2014,2,1,1,,93,,,MS
2016 - 2018,28003,2018,2016,0,0,0,,93,,0.0,MS
2018 - 2022,28003,2022,2020,8,5,3,,87,,,MS
2012 - 2014,28005,2014,2012,3,2,1,,18,,,MS
2014 - 2016,28005,2016,2014,3,2,1,,17,,,MS
2016 - 2018,28005,2018,2016,0,0,0,,17,,0.0,MS
2018 - 2022,28005,2022,2020,1,0,1,,17,,,MS
2012 - 2014,28007,2014,2012,2,1,1,,26,,,MS
2014 - 2016,28007,2016,2014,1,1,0,,26,,,MS
2016 - 2018,28007,2018,2016,1,0,1,,25,,,MS
2018 - 2022,28007,2022,2020,11,6,5,,25,,,MS
2012 - 2014,28009,2014,2012,0,0,0,,21,,0.0,MS
2014 - 2016,28009,2016,2014,0,0,0,,21,,0.0,MS
2016 - 2018,28009,2018,2016,1,0,1,,20,,,MS
2018 - 2022,28009,2022,2020,3,1,2,,19,,,MS
2012 - 2014,28011,2014,2012,2,1,1,,39,,,MS
2014 - 2016,28011,2016,2014,4,2,2,,38,,,MS
2016 - 2018,28011,2018,2016,8,4,4,,37,,,MS
2018 - 2022,28011,2022,2020,21,11,10,,36,,,MS
2012 - 2014,28013,2014,2012,1,1,0,,25,,,MS
2014 - 2016,28013,2016,2014,2,0,2,,25,,,MS
2016 - 2018,28013,2018,2016,3,2,1,,25,,,MS
2018 - 2022,28013,2022,2020,3,0,3,,23,,,MS
2012 - 2014,28015,2014,2012,2,0,2,,17,,,MS
2014 - 2016,28015,2016,2014,1,1,0,,16,,,MS
2016 - 2018,28015,2018,2016,0,0,0,,16,,0.0,MS
2018 - 2022,28015,2022,2020,3,2,1,,16,,,MS
2012 - 2014,28017,2014,2012,0,0,0,,35,,0.0,MS
2014 - 2016,28017,2016,2014,0,0,0,,35,,0.0,MS
2016 - 2018,28017,2018,2016,1,0,1,,34,,,MS
2018 - 2022,28017,2022,2020,8,6,2,,34,,,MS
2012 - 2014,28019,2014,2012,1,1,0,,20,,,MS
2014 - 2016,28019,2016,2014,3,1,2,,20,,,MS
2016 - 2018,28019,2018,2016,5,3,2,,20,,,MS
2018 - 2022,28019,2022,2020,10,4,6,,20,,,MS
2014 - 2016,28021,2016,2014,4,4,0,,19,,,MS
2016 - 2018,28021,2018,2016,1,1,0,,19,,,MS
2018 - 2022,28021,2022,2020,4,2,2,,19,,,MS
2012 - 2014,28023,2014,2012,3,2,1,,24,,,MS
2014 - 2016,28023,2016,2014,4,2,2,,23,,,MS
2016 - 2018,28023,2018,2016,1,0,1,,23,,,MS
2018 - 2022,28023,2022,2020,7,4,3,,23,,,MS
2012 - 2014,28025,2014,2012,2,1,1,,50,,,MS
2014 - 2016,28025,2016,2014,0,0,0,,49,,0.0,MS
2016 - 2018,28025,2018,2016,23,12,11,,48,,,MS
2018 - 2022,28025,2022,2020,2,1,1,,46,,,MS
2012 - 2014,28027,2014,2012,0,0,0,,46,,0.0,MS
2014 - 2016,28027,2016,2014,17,17,0,,45,,,MS
2016 - 2018,28027,2018,2016,18,0,18,,43,,,MS
2018 - 2022,28027,2022,2020,17,17,0,,39,,,MS
2012 - 2014,28029,2014,2012,2,1,1,,37,,,MS
2014 - 2016,28029,2016,2014,6,3,3,,37,,,MS
2016 - 2018,28029,2018,2016,4,3,1,,37,,,MS
2018 - 2022,28029,2022,2020,5,2,3,,37,,,MS
2012 - 2014,28031,2014,2012,2,1,1,,47,,,MS
2014 - 2016,28031,2016,2014,2,1,1,,47,,,MS
2016 - 2018,28031,2018,2016,5,2,3,,46,,,MS
2018 - 2022,28031,2022,2020,5,2,3,,45,,,MS
2012 - 2014,28033,2014,2012,8,4,4,,349,,,MS
2014 - 2016,28033,2016,2014,12,7,5,,359,,,MS
2016 - 2018,28033,2018,2016,6,3,3,,370,,,MS
2018 - 2022,28033,2022,2020,20,11,9,,385,,,MS
2012 - 2014,28035,2014,2012,4,3,1,,163,,,MS
2014 - 2016,28035,2016,2014,28,0,28,,164,,,MS
2016 - 2018,28035,2018,2016,30,28,2,,162,,,MS
2018 - 2022,28035,2022,2020,21,11,10,,167,,,MS
2012 - 2014,28037,2014,2012,11,11,0,,14,,,MS
2014 - 2016,28037,2016,2014,0,0,0,,14,,0.0,MS
2016 - 2018,28037,2018,2016,1,0,1,,14,,,MS
2018 - 2022,28037,2022,2020,1,1,0,,14,,,MS
2012 - 2014,28039,2014,2012,8,3,5,,48,,,MS
2014 - 2016,28039,2016,2014,3,1,2,,49,,,MS
2016 - 2018,28039,2018,2016,3,2,1,,50,,,MS
2018 - 2022,28039,2022,2020,3,2,1,,51,,,MS
2012 - 2014,28041,2014,2012,2,2,0,,20,,,MS
2014 - 2016,28041,2016,2014,4,2,2,,20,,,MS
2016 - 2018,28041,2018,2016,6,3,3,,19,,,MS
2018 - 2022,28041,2022,2020,2,1,1,,19,,,MS
2012 - 2014,28043,2014,2012,2,0,2,,51,,,MS
2014 - 2016,28043,2016,2014,2,1,1,,51,,,MS
2016 - 2018,28043,2018,2016,1,0,1,,50,,,MS
2018 - 2022,28043,2022,2020,1,1,0,,51,,,MS
2012 - 2014,28045,2014,2012,13,5,8,,95,,,MS
2014 - 2016,28045,2016,2014,9,5,4,,97,,,MS
2016 - 2018,28045,2018,2016,2,1,1,,98,,,MS
2018 - 2022,28045,2022,2020,9,5,4,,97,,,MS
2012 - 2014,28047,2014,2012,11,6,5,,337,,,MS
2014 - 2016,28047,2016,2014,16,8,8,,346,,,MS
2016 - 2018,28047,2018,2016,21,8,13,,353,,,MS
2018 - 2022,28047,2022,2020,13,7,6,,362,,,MS
2012 - 2014,28049,2014,2012,18,9,9,,283,,,MS
2014 - 2016,28049,2016,2014,26,7,19,,281,,,MS
2016 - 2018,28049,2018,2016,26,9,17,,278,,,MS
2018 - 2022,28049,2022,2020,45,30,15,,265,,,MS
2012 - 2014,28051,2014,2012,15,15,0,,25,,,MS
2014 - 2016,28051,2016,2014,3,1,2,,25,,,MS
2016 - 2018,28051,2018,2016,6,4,2,,24,,,MS
2018 - 2022,28051,2022,2020,5,2,3,,23,,,MS
2014 - 2016,28053,2016,2014,9,9,0,,21,,,MS
2016 - 2018,28053,2018,2016,2,1,1,,20,,,MS
2018 - 2022,28053,2022,2020,1,1,0,,19,,,MS
2012 - 2014,28055,2014,2012,4,3,1,,3,,,MS
2014 - 2016,28055,2016,2014,3,1,2,,3,,,MS
2016 - 2018,28055,2018,2016,2,1,1,,3,,,MS
2018 - 2022,28055,2022,2020,1,0,1,,3,,,MS
2012 - 2014,28057,2014,2012,1,1,0,,44,,,MS
2014 - 2016,28057,2016,2014,4,3,1,,44,,,MS
2016 - 2018,28057,2018,2016,21,21,0,,44,,,MS
2018 - 2022,28057,2022,2020,6,3,3,,45,,,MS
2012 - 2014,28059,2014,2012,5,3,2,,194,,,MS
2014 - 2016,28059,2016,2014,2,1,1,,195,,,MS
2016 - 2018,28059,2018,2016,16,5,11,,196,,,MS
2018 - 2022,28059,2022,2020,12,9,3,,198,,,MS
2012 - 2014,28061,2014,2012,0,0,0,,25,,0.0,MS
2014 - 2016,28061,2016,2014,1,0,1,,24,,,MS
2016 - 2018,28061,2018,2016,0,0,0,,24,,0.0,MS
2018 - 2022,28061,2022,2020,5,3,2,,24,,,MS
2012 - 2014,28063,2014,2012,5,2,3,,15,,,MS
2014 - 2016,28063,2016,2014,2,0,2,,14,,,MS
2016 - 2018,28063,2018,2016,4,2,2,,14,,,MS
2018 - 2022,28063,2022,2020,2,1,1,,14,,,MS
2012 - 2014,28065,2014,2012,6,6,0,,30,,,MS
2014 - 2016,28065,2016,2014,11,9,2,,29,,,MS
2016 - 2018,28065,2018,2016,3,2,1,,28,,,MS
2018 - 2022,28065,2022,2020,7,3,4,,28,,,MS
2012 - 2014,28067,2014,2012,16,5,11,,98,,,MS
2014 - 2016,28067,2016,2014,1,1,0,,98,,,MS
2016 - 2018,28067,2018,2016,2,1,1,,99,,,MS
2018 - 2022,28067,2022,2020,46,30,16,,97,,,MS
2012 - 2014,28069,2014,2012,0,0,0,,13,,0.0,MS
2014 - 2016,28069,2016,2014,10,10,0,,13,,,MS
2016 - 2018,28069,2018,2016,12,0,12,,13,,,MS
2018 - 2022,28069,2022,2020,11,11,0,,12,,,MS
2012 - 2014,28071,2014,2012,2,1,1,,80,,,MS
2014 - 2016,28071,2016,2014,2,1,1,,83,,,MS
2016 - 2018,28071,2018,2016,7,3,4,,85,,,MS
2018 - 2022,28071,2022,2020,11,6,5,,88,,,MS
2012 - 2014,28073,2014,2012,3,1,2,,117,,,MS
2014 - 2016,28073,2016,2014,20,20,0,,120,,,MS
2016 - 2018,28073,2018,2016,3,2,1,,123,,,MS
2018 - 2022,28073,2022,2020,6,4,2,,128,,,MS
2012 - 2014,28075,2014,2012,15,5,10,,114,,,MS
2014 - 2016,28075,2016,2014,8,3,5,,113,,,MS
2016 - 2018,28075,2018,2016,14,7,7,,110,,,MS
2018 - 2022,28075,2022,2020,16,7,9,,105,,,MS
2012 - 2014,28077,2014,2012,0,0,0,,29,,0.0,MS
2014 - 2016,28077,2016,2014,0,0,0,,29,,0.0,MS
2016 - 2018,28077,2018,2016,19,9,10,,29,,,MS
2018 - 2022,28077,2022,2020,1,1,0,,28,,,MS
2012 - 2014,28079,2014,2012,1,1,0,,40,,,MS
2014 - 2016,28079,2016,2014,18,0,18,,39,,,MS
2016 - 2018,28079,2018,2016,18,18,0,,39,,,MS
2018 - 2022,28079,2022,2020,9,5,4,,37,,,MS
2012 - 2014,28081,2014,2012,11,5,6,,188,,,MS
2014 - 2016,28081,2016,2014,3,2,1,,190,,,MS
2016 - 2018,28081,2018,2016,11,3,8,,189,,,MS
2018 - 2022,28081,2022,2020,18,12,6,,185,,,MS
2012 - 2014,28083,2014,2012,1,1,0,,54,,,MS
2014 - 2016,28083,2016,2014,1,1,0,,51,,,MS
2016 - 2018,28083,2018,2016,2,0,2,,50,,,MS
2018 - 2022,28083,2022,2020,6,3,3,,48,,,MS
2012 - 2014,28085,2014,2012,36,28,8,,59,,,MS
2014 - 2016,28085,2016,2014,28,1,27,,59,,,MS
2016 - 2018,28085,2018,2016,27,26,1,,59,,,MS
2018 - 2022,28085,2022,2020,12,7,5,,60,,,MS
2012 - 2014,28087,2014,2012,2,1,1,,118,,,MS
2014 - 2016,28087,2016,2014,5,2,3,,118,,,MS
2016 - 2018,28087,2018,2016,7,4,3,,118,,,MS
2018 - 2022,28087,2022,2020,15,7,8,,117,,,MS
2012 - 2014,28089,2014,2012,12,7,5,,138,,,MS
2014 - 2016,28089,2016,2014,25,6,19,,143,,,MS
2016 - 2018,28089,2018,2016,23,20,3,,145,,,MS
2018 - 2022,28089,2022,2020,26,13,13,,152,,,MS
2012 - 2014,28091,2014,2012,8,4,4,,49,,,MS
2014 - 2016,28091,2016,2014,4,2,2,,48,,,MS
2016 - 2018,28091,2018,2016,5,2,3,,46,,,MS
2018 - 2022,28091,2022,2020,11,5,6,,45,,,MS
2012 - 2014,28093,2014,2012,0,0,0,,52,,0.0,MS
2014 - 2016,28093,2016,2014,3,1,2,,51,,,MS
2016 - 2018,28093,2018,2016,1,1,0,,51,,,MS
2018 - 2022,28093,2022,2020,10,4,6,,48,,,MS
2012 - 2014,28095,2014,2012,5,3,2,,48,,,MS
2014 - 2016,28095,2016,2014,22,0,22,,47,,,MS
2016 - 2018,28095,2018,2016,23,23,0,,47,,,MS
2018 - 2022,28095,2022,2020,7,4,3,,45,,,MS
2012 - 2014,28097,2014,2012,8,8,0,,26,,,MS
2014 - 2016,28097,2016,2014,8,5,3,,25,,,MS
2016 - 2018,28097,2018,2016,3,2,1,,25,,,MS
2018 - 2022,28097,2022,2020,5,3,2,,24,,,MS
2012 - 2014,28099,2014,2012,0,0,0,,52,,0.0,MS
2014 - 2016,28099,2016,2014,2,2,0,,52,,,MS
2016 - 2018,28099,2018,2016,4,1,3,,52,,,MS
2018 - 2022,28099,2022,2020,10,5,5,,51,,,MS
2012 - 2014,28101,2014,2012,5,1,4,,38,,,MS
2014 - 2016,28101,2016,2014,4,2,2,,37,,,MS
2016 - 2018,28101,2018,2016,5,3,2,,37,,,MS
2018 - 2022,28101,2022,2020,7,3,4,,37,,,MS
2012 - 2014,28103,2014,2012,2,2,0,,16,,,MS
2014 - 2016,28103,2016,2014,7,6,1,,16,,,MS
2016 - 2018,28103,2018,2016,2,1,1,,16,,,MS
2018 - 2022,28103,2022,2020,3,2,1,,15,,,MS
2012 - 2014,28105,2014,2012,0,0,0,,106,,0.0,MS
2014 - 2016,28105,2016,2014,12,6,6,,108,,,MS
2016 - 2018,28105,2018,2016,8,4,4,,108,,,MS
2018 - 2022,28105,2022,2020,21,10,11,,112,,,MS
2012 - 2014,28107,2014,2012,2,1,1,,50,,,MS
2014 - 2016,28107,2016,2014,2,2,0,,50,,,MS
2016 - 2018,28107,2018,2016,4,0,4,,50,,,MS
2018 - 2022,28107,2022,2020,6,3,3,,49,,,MS
2012 - 2014,28109,2014,2012,0,0,0,,68,,0.0,MS
2014 - 2016,28109,2016,2014,30,28,2,,68,,,MS
2016 - 2018,28109,2018,2016,19,6,13,,68,,,MS
2018 - 2022,28109,2022,2020,3,2,1,,69,,,MS
2012 - 2014,28111,2014,2012,1,1,0,,19,,,MS
2014 - 2016,28111,2016,2014,0,0,0,,19,,0.0,MS
2016 - 2018,28111,2018,2016,2,0,2,,19,,,MS
2018 - 2022,28111,2022,2020,5,3,2,,18,,,MS
2012 - 2014,28113,2014,2012,13,4,9,,98,,,MS
2014 - 2016,28113,2016,2014,9,5,4,,98,,,MS
2016 - 2018,28113,2018,2016,11,5,6,,97,,,MS
2018 - 2022,28113,2022,2020,8,3,5,,98,,,MS
2012 - 2014,28115,2014,2012,11,6,5,,61,,,MS
2014 - 2016,28115,2016,2014,25,0,25,,62,,,MS
2016 - 2018,28115,2018,2016,26,26,0,,63,,,MS
2018 - 2022,28115,2022,2020,10,4,6,,63,,,MS
2012 - 2014,28117,2014,2012,1,1,0,,61,,,MS
2014 - 2016,28117,2016,2014,6,2,4,,61,,,MS
2016 - 2018,28117,2018,2016,6,3,3,,61,,,MS
2018 - 2022,28117,2022,2020,6,3,3,,60,,,MS
2012 - 2014,28119,2014,2012,0,0,0,,20,,0.0,MS
2014 - 2016,28119,2016,2014,0,0,0,,19,,0.0,MS
2016 - 2018,28119,2018,2016,2,1,1,,18,,,MS
2018 - 2022,28119,2022,2020,0,0,0,,16,,0.0,MS
2012 - 2014,28121,2014,2012,6,5,1,,188,,,MS
2014 - 2016,28121,2016,2014,14,4,10,,191,,,MS
2016 - 2018,28121,2018,2016,7,3,4,,195,,,MS
2018 - 2022,28121,2022,2020,27,12,15,,201,,,MS
2012 - 2014,28123,2014,2012,1,1,0,,46,,,MS
2014 - 2016,28123,2016,2014,10,0,10,,46,,,MS
2016 - 2018,28123,2018,2016,9,8,1,,47,,,MS
2018 - 2022,28123,2022,2020,2,2,0,,46,,,MS
2014 - 2016,28125,2016,2014,9,9,0,,11,,,MS
2016 - 2018,28125,2018,2016,0,0,0,,10,,0.0,MS
2018 - 2022,28125,2022,2020,2,1,1,,10,,,MS
2012 - 2014,28127,2014,2012,0,0,0,,47,,0.0,MS
2014 - 2016,28127,2016,2014,2,1,1,,46,,,MS
2016 - 2018,28127,2018,2016,0,0,0,,46,,0.0,MS
2018 - 2022,28127,2022,2020,13,7,6,,44,,,MS
2012 - 2014,28129,2014,2012,0,0,0,,26,,0.0,MS
2014 - 2016,28129,2016,2014,13,13,0,,25,,,MS
2016 - 2018,28129,2018,2016,0,0,0,,25,,0.0,MS
2018 - 2022,28129,2022,2020,2,1,1,,23,,,MS
2012 - 2014,28131,2014,2012,2,1,1,,40,,,MS
2014 - 2016,28131,2016,2014,12,2,10,,40,,,MS
2016 - 2018,28131,2018,2016,7,7,0,,41,,,MS
2018 - 2022,28131,2022,2020,7,1,6,,41,,,MS
2012 - 2014,28133,2014,2012,3,2,1,,41,,,MS
2014 - 2016,28133,2016,2014,5,2,3,,39,,,MS
2016 - 2018,28133,2018,2016,6,4,2,,38,,,MS
2018 - 2022,28133,2022,2020,8,4,4,,38,,,MS
2012 - 2014,28135,2014,2012,0,0,0,,23,,0.0,MS
2014 - 2016,28135,2016,2014,5,4,1,,23,,,MS
2016 - 2018,28135,2018,2016,4,1,3,,22,,,MS
2018 - 2022,28135,2022,2020,2,1,1,,20,,,MS
2012 - 2014,28137,2014,2012,6,4,2,,71,,,MS
2014 - 2016,28137,2016,2014,2,1,1,,70,,,MS
2016 - 2018,28137,2018,2016,3,1,2,,70,,,MS
2018 - 2022,28137,2022,2020,3,2,1,,69,,,MS
2012 - 2014,28139,2014,2012,0,0,0,,48,,0.0,MS
2014 - 2016,28139,2016,2014,2,0,2,,48,,,MS
2016 - 2018,28139,2018,2016,7,4,3,,48,,,MS
2018 - 2022,28139,2022,2020,24,13,11,,48,,,MS
2012 - 2014,28141,2014,2012,7,1,6,,46,,,MS
2014 - 2016,28141,2016,2014,3,2,1,,46,,,MS
2016 - 2018,28141,2018,2016,3,1,2,,46,,,MS
2018 - 2022,28141,2022,2020,5,3,2,,45,,,MS
2012 - 2014,28143,2014,2012,10,10,0,,23,,,MS
2014 - 2016,28143,2016,2014,0,0,0,,23,,0.0,MS
2016 - 2018,28143,2018,2016,2,0,2,,22,,,MS
2018 - 2022,28143,2022,2020,12,7,5,,22,,,MS
2012 - 2014,28145,2014,2012,1,1,0,,66,,,MS
2014 - 2016,28145,2016,2014,1,0,1,,67,,,MS
2016 - 2018,28145,2018,2016,7,3,4,,68,,,MS
2018 - 2022,28145,2022,2020,14,8,6,,67,,,MS
2012 - 2014,28147,2014,2012,1,0,1,,37,,,MS
2014 - 2016,28147,2016,2014,8,4,4,,37,,,MS
2016 - 2018,28147,2018,2016,6,1,5,,36,,,MS
2018 - 2022,28147,2022,2020,9,7,2,,35,,,MS
2012 - 2014,28149,2014,2012,11,6,5,,82,,,MS
2014 - 2016,28149,2016,2014,4,2,2,,81,,,MS
2016 - 2018,28149,2018,2016,10,5,5,,80,,,MS
2018 - 2022,28149,2022,2020,10,4,6,,77,,,MS
2012 - 2014,28151,2014,2012,4,2,2,,69,,,MS
2014 - 2016,28151,2016,2014,1,0,1,,67,,,MS
2016 - 2018,28151,2018,2016,2,1,1,,65,,,MS
2018 - 2022,28151,2022,2020,4,3,1,,63,,,MS
2012 - 2014,28153,2014,2012,14,6,8,,25,,,MS
2014 - 2016,28153,2016,2014,0,0,0,,25,,0.0,MS
2016 - 2018,28153,2018,2016,1,1,0,,25,,,MS
2018 - 2022,28153,2022,2020,8,4,4,,24,,,MS
2012 - 2014,28155,2014,2012,1,1,0,,24,,,MS
2014 - 2016,28155,2016,2014,2,1,1,,24,,,MS
2016 - 2018,28155,2018,2016,2,1,1,,23,,,MS
2018 - 2022,28155,2022,2020,16,6,10,,24,,,MS
2012 - 2014,28157,2014,2012,0,0,0,,14,,0.0,MS
2014 - 2016,28157,2016,2014,6,5,1,,14,,,MS
2016 - 2018,28157,2018,2016,5,2,3,,13,,,MS
2018 - 2022,28157,2022,2020,6,4,2,,13,,,MS
2012 - 2014,28159,2014,2012,1,1,0,,31,,,MS
2014 - 2016,28159,2016,2014,2,1,1,,30,,,MS
2016 - 2018,28159,2018,2016,13,7,6,,30,,,MS
2018 - 2022,28159,2022,2020,6,2,4,,29,,,MS
2014 - 2016,28161,2016,2014,9,9,0,,27,,,MS
2016 - 2018,28161,2018,2016,1,0,1,,27,,,MS
2018 - 2022,28161,2022,2020,5,3,2,,27,,,MS
2012 - 2014,28163,2014,2012,20,20,0,,30,,,MS
2014 - 2016,28163,2016,2014,2,2,0,,30,,,MS
2016 - 2018,28163,2018,2016,3,0,3,,30,,,MS
2018 - 2022,28163,2022,2020,3,2,1,,30,,,MS
2012 - 2014,55001,2014,2012,0,0,0,,32,,0.0,WI
2014 - 2016,55001,2016,2014,2,1,1,,31,,,WI
2016 - 2018,55001,2018,2016,0,0,0,,31,,0.0,WI
2018 - 2020,55001,2020,2018,2,1,1,,31,,,WI
2020 - 2022,55001,2022,2020,2,1,1,,32,,,WI
2012 - 2014,55003,2014,2012,0,0,0,,15,,0.0,WI
2014 - 2016,55003,2016,2014,2,1,1,,15,,,WI
2016 - 2018,55003,2018,2016,2,1,1,,15,,,WI
2018 - 2020,55003,2020,2018,5,2,3,,15,,,WI
2020 - 2022,55003,2022,2020,3,2,1,,15,,,WI
2012 - 2014,55005,2014,2012,2,1,1,,53,,,WI
2014 - 2016,55005,2016,2014,4,2,2,,53,,,WI
2016 - 2018,55005,2018,2016,2,1,1,,52,,,WI
2018 - 2020,55005,2020,2018,4,2,2,,52,,,WI
2020 - 2022,55005,2022,2020,2,1,1,,54,,,WI
2012 - 2014,55007,2014,2012,2,1,1,,10,,,WI
2014 - 2016,55007,2016,2014,2,1,1,,10,,,WI
2016 - 2018,55007,2018,2016,2,1,1,,10,,,WI
2018 - 2020,55007,2020,2018,0,0,0,,10,,0.0,WI
2020 - 2022,55007,2022,2020,3,1,2,,11,,,WI
2012 - 2014,55009,2014,2012,3,1,2,,477,,,WI
2014 - 2016,55009,2016,2014,8,4,4,,484,,,WI
2016 - 2018,55009,2018,2016,13,3,10,,490,,,WI
2018 - 2020,55009,2020,2018,36,10,26,,495,,,WI
2020 - 2022,55009,2022,2020,29,21,8,,504,,,WI
2012 - 2014,55011,2014,2012,0,0,0,,20,,0.0,WI
2014 - 2016,55011,2016,2014,0,0,0,,20,,0.0,WI
2016 - 2018,55011,2018,2016,3,1,2,,19,,,WI
2018 - 2020,55011,2020,2018,2,1,1,,19,,,WI
2020 - 2022,55011,2022,2020,2,1,1,,20,,,WI
2012 - 2014,55013,2014,2012,0,0,0,,19,,0.0,WI
2014 - 2016,55013,2016,2014,0,0,0,,19,,0.0,WI
2016 - 2018,55013,2018,2016,2,1,1,,19,,,WI
2018 - 2020,55013,2020,2018,2,1,1,,19,,,WI
2020 - 2022,55013,2022,2020,4,2,2,,20,,,WI
2012 - 2014,55015,2014,2012,3,1,2,,156,,,WI
2014 - 2016,55015,2016,2014,4,3,1,,156,,,WI
2016 - 2018,55015,2018,2016,2,0,2,,156,,,WI
2018 - 2020,55015,2020,2018,4,2,2,,157,,,WI
2020 - 2022,55015,2022,2020,1,0,1,,164,,,WI
2012 - 2014,55017,2014,2012,6,3,3,,63,,,WI
2014 - 2016,55017,2016,2014,4,2,2,,63,,,WI
2016 - 2018,55017,2018,2016,1,0,1,,63,,,WI
2018 - 2020,55017,2020,2018,5,3,2,,64,,,WI
2020 - 2022,55017,2022,2020,2,1,1,,65,,,WI
2012 - 2014,55019,2014,2012,0,0,0,,29,,0.0,WI
2014 - 2016,55019,2016,2014,4,2,2,,29,,,WI
2016 - 2018,55019,2018,2016,0,0,0,,29,,0.0,WI
2018 - 2020,55019,2020,2018,5,3,2,,29,,,WI
2020 - 2022,55019,2022,2020,4,2,2,,29,,,WI
2012 - 2014,55021,2014,2012,2,1,1,,74,,,WI
2014 - 2016,55021,2016,2014,6,3,3,,74,,,WI
2016 - 2018,55021,2018,2016,1,0,1,,74,,,WI
2018 - 2020,55021,2020,2018,4,2,2,,75,,,WI
2020 - 2022,55021,2022,2020,5,3,2,,76,,,WI
2012 - 2014,55023,2014,2012,0,0,0,,29,,0.0,WI
2014 - 2016,55023,2016,2014,4,2,2,,29,,,WI
2016 - 2018,55023,2018,2016,5,2,3,,29,,,WI
2018 - 2020,55023,2020,2018,2,1,1,,28,,,WI
2020 - 2022,55023,2022,2020,4,2,2,,28,,,WI
2012 - 2014,55025,2014,2012,4,3,1,,420,,,WI
2014 - 2016,55025,2016,2014,18,11,7,,432,,,WI
2016 - 2018,55025,2018,2016,28,15,13,,443,,,WI
2018 - 2020,55025,2020,2018,74,34,40,,453,,,WI
2020 - 2022,55025,2022,2020,78,52,26,,464,,,WI
2012 - 2014,55027,2014,2012,2,1,1,,101,,,WI
2014 - 2016,55027,2016,2014,4,2,2,,101,,,WI
2016 - 2018,55027,2018,2016,2,1,1,,100,,,WI
2018 - 2020,55027,2020,2018,8,3,5,,100,,,WI
2020 - 2022,55027,2022,2020,5,2,3,,102,,,WI
2012 - 2014,55029,2014,2012,0,0,0,,58,,0.0,WI
2014 - 2016,55029,2016,2014,4,2,2,,57,,,WI
2016 - 2018,55029,2018,2016,2,1,1,,57,,,WI
2018 - 2020,55029,2020,2018,2,1,1,,57,,,WI
2020 - 2022,55029,2022,2020,4,2,2,,62,,,WI
2012 - 2014,55031,2014,2012,4,2,2,,34,,,WI
2014 - 2016,55031,2016,2014,2,1,1,,34,,,WI
2016 - 2018,55031,2018,2016,2,1,1,,33,,,WI
2018 - 2020,55031,2020,2018,2,1,1,,33,,,WI
2020 - 2022,55031,2022,2020,4,2,2,,34,,,WI
2012 - 2014,55033,2014,2012,2,1,1,,52,,,WI
2014 - 2016,55033,2016,2014,9,5,4,,52,,,WI
2016 - 2018,55033,2018,2016,6,3,3,,52,,,WI
2018 - 2020,55033,2020,2018,4,1,3,,53,,,WI
2020 - 2022,55033,2022,2020,8,5,3,,53,,,WI
2012 - 2014,55035,2014,2012,4,2,2,,158,,,WI
2014 - 2016,55035,2016,2014,6,3,3,,160,,,WI
2016 - 2018,55035,2018,2016,3,2,1,,161,,,WI
2018 - 2020,55035,2020,2018,12,6,6,,163,,,WI
2020 - 2022,55035,2022,2020,4,2,2,,165,,,WI
2012 - 2014,55037,2014,2012,0,0,0,,9,,0.0,WI
2014 - 2016,55037,2016,2014,0,0,0,,9,,0.0,WI
2016 - 2018,55037,2018,2016,3,2,1,,9,,,WI
2018 - 2020,55037,2020,2018,2,1,1,,9,,,WI
2020 - 2022,55037,2022,2020,2,1,1,,9,,,WI
2012 - 2014,55039,2014,2012,0,0,0,,141,,0.0,WI
2014 - 2016,55039,2016,2014,6,3,3,,142,,,WI
2016 - 2018,55039,2018,2016,0,0,0,,142,,0.0,WI
2018 - 2020,55039,2020,2018,3,2,1,,143,,,WI
2020 - 2022,55039,2022,2020,3,1,2,,144,,,WI
2012 - 2014,55041,2014,2012,0,0,0,,9,,0.0,WI
2014 - 2016,55041,2016,2014,0,0,0,,9,,0.0,WI
2016 - 2018,55041,2018,2016,0,0,0,,9,,0.0,WI
2018 - 2020,55041,2020,2018,0,0,0,,9,,0.0,WI
2020 - 2022,55041,2022,2020,0,0,0,,9,,0.0,WI
2012 - 2014,55043,2014,2012,2,1,1,,45,,,WI
2014 - 2016,55043,2016,2014,15,7,8,,45,,,WI
2016 - 2018,55043,2018,2016,4,2,2,,45,,,WI
2018 - 2020,55043,2020,2018,9,5,4,,45,,,WI
2020 - 2022,55043,2022,2020,8,4,4,,46,,,WI
2012 - 2014,55045,2014,2012,0,0,0,,63,,0.0,WI
2014 - 2016,55045,2016,2014,5,2,3,,63,,,WI
2016 - 2018,55045,2018,2016,0,0,0,,63,,0.0,WI
2018 - 2020,55045,2020,2018,5,2,3,,63,,,WI
2020 - 2022,55045,2022,2020,4,2,2,,64,,,WI
2012 - 2014,55047,2014,2012,0,0,0,,54,,0.0,WI
2014 - 2016,55047,2016,2014,1,0,1,,54,,,WI
2016 - 2018,55047,2018,2016,6,3,3,,54,,,WI
2018 - 2020,55047,2020,2018,2,1,1,,54,,,WI
2020 - 2022,55047,2022,2020,1,1,0,,54,,,WI
2012 - 2014,55049,2014,2012,3,1,2,,31,,,WI
2014 - 2016,55049,2016,2014,1,1,0,,31,,,WI
2016 - 2018,55049,2018,2016,1,0,1,,31,,,WI
2018 - 2020,55049,2020,2018,1,1,0,,31,,,WI
2020 - 2022,55049,2022,2020,4,2,2,,31,,,WI
2012 - 2014,55051,2014,2012,2,1,1,,8,,,WI
2014 - 2016,55051,2016,2014,2,1,1,,8,,,WI
2016 - 2018,55051,2018,2016,0,0,0,,8,,0.0,WI
2018 - 2020,55051,2020,2018,0,0,0,,7,,0.0,WI
2020 - 2022,55051,2022,2020,0,0,0,,8,,0.0,WI
2012 - 2014,55053,2014,2012,2,1,1,,21,,,WI
2014 - 2016,55053,2016,2014,0,0,0,,21,,0.0,WI
2016 - 2018,55053,2018,2016,1,0,1,,21,,,WI
2018 - 2020,55053,2020,2018,3,1,2,,21,,,WI
2020 - 2022,55053,2022,2020,2,2,0,,21,,,WI
2012 - 2014,55055,2014,2012,0,0,0,,151,,0.0,WI
2014 - 2016,55055,2016,2014,3,1,2,,152,,,WI
2016 - 2018,55055,2018,2016,4,2,2,,152,,,WI
2018 - 2020,55055,2020,2018,3,2,1,,152,,,WI
2020 - 2022,55055,2022,2020,2,1,1,,152,,,WI
2012 - 2014,55057,2014,2012,0,0,0,,35,,0.0,WI
2014 - 2016,55057,2016,2014,4,2,2,,34,,,WI
2016 - 2018,55057,2018,2016,2,1,1,,34,,,WI
2018 - 2020,55057,2020,2018,6,3,3,,35,,,WI
2020 - 2022,55057,2022,2020,0,0,0,,35,,0.0,WI
2012 - 2014,55059,2014,2012,4,2,2,,615,,,WI
2014 - 2016,55059,2016,2014,7,3,4,,617,,,WI
2016 - 2018,55059,2018,2016,17,7,10,,619,,,WI
2018 - 2020,55059,2020,2018,15,1,14,,622,,,WI
2020 - 2022,55059,2022,2020,11,9,2,,621,,,WI
2012 - 2014,55061,2014,2012,2,1,1,,60,,,WI
2014 - 2016,55061,2016,2014,0,0,0,,60,,0.0,WI
2016 - 2018,55061,2018,2016,0,0,0,,59,,0.0,WI
2018 - 2020,55061,2020,2018,2,1,1,,60,,,WI
2020 - 2022,55061,2022,2020,0,0,0,,60,,0.0,WI
2012 - 2014,55063,2014,2012,6,3,3,,258,,,WI
2014 - 2016,55063,2016,2014,10,4,6,,260,,,WI
2016 - 2018,55063,2018,2016,4,2,2,,261,,,WI
2018 - 2020,55063,2020,2018,8,4,4,,262,,,WI
2020 - 2022,55063,2022,2020,4,2,2,,266,,,WI
2012 - 2014,55065,2014,2012,0,0,0,,27,,0.0,WI
2014 - 2016,55065,2016,2014,4,2,2,,27,,,WI
2016 - 2018,55065,2018,2016,2,1,1,,26,,,WI
2018 - 2020,55065,2020,2018,5,2,3,,26,,,WI
2020 - 2022,55065,2022,2020,0,0,0,,26,,0.0,WI
2012 - 2014,55067,2014,2012,0,0,0,,23,,0.0,WI
2014 - 2016,55067,2016,2014,0,0,0,,22,,0.0,WI
2016 - 2018,55067,2018,2016,0,0,0,,22,,0.0,WI
2018 - 2020,55067,2020,2018,0,0,0,,22,,0.0,WI
2020 - 2022,55067,2022,2020,2,1,1,,22,,,WI
2012 - 2014,55069,2014,2012,2,1,1,,33,,,WI
2014 - 2016,55069,2016,2014,0,0,0,,32,,0.0,WI
2016 - 2018,55069,2018,2016,0,0,0,,32,,0.0,WI
2018 - 2020,55069,2020,2018,4,2,2,,32,,,WI
2020 - 2022,55069,2022,2020,0,0,0,,32,,0.0,WI
2012 - 2014,55071,2014,2012,0,0,0,,137,,0.0,WI
2014 - 2016,55071,2016,2014,4,2,2,,136,,,WI
2016 - 2018,55071,2018,2016,4,2,2,,135,,,WI
2018 - 2020,55071,2020,2018,9,4,5,,134,,,WI
2020 - 2022,55071,2022,2020,4,1,3,,138,,,WI
2012 - 2014,55073,2014,2012,5,2,3,,87,,,WI
2014 - 2016,55073,2016,2014,7,4,3,,88,,,WI
2016 - 2018,55073,2018,2016,23,11,12,,88,,,WI
2018 - 2020,55073,2020,2018,31,15,16,,88,,,WI
2020 - 2022,55073,2022,2020,1,1,0,,89,,,WI
2012 - 2014,55075,2014,2012,0,0,0,,30,,0.0,WI
2014 - 2016,55075,2016,2014,2,1,1,,29,,,WI
2016 - 2018,55075,2018,2016,4,1,3,,29,,,WI
2018 - 2020,55075,2020,2018,3,2,1,,29,,,WI
2020 - 2022,55075,2022,2020,6,3,3,,30,,,WI
2012 - 2014,55077,2014,2012,0,0,0,,33,,0.0,WI
2014 - 2016,55077,2016,2014,0,0,0,,33,,0.0,WI
2016 - 2018,55077,2018,2016,0,0,0,,33,,0.0,WI
2018 - 2020,55077,2020,2018,2,1,1,,34,,,WI
2020 - 2022,55077,2022,2020,2,1,1,,34,,,WI
2012 - 2014,55078,2014,2012,0,0,0,,12,,0.0,WI
2014 - 2016,55078,2016,2014,0,0,0,,12,,0.0,WI
2016 - 2018,55078,2018,2016,0,0,0,,13,,0.0,WI
2018 - 2020,55078,2020,2018,2,1,1,,13,,,WI
2020 - 2022,55078,2022,2020,0,0,0,,12,,0.0,WI
2012 - 2014,55079,2014,2012,18,8,10,,3948,,,WI
2014 - 2016,55079,2016,2014,20,10,10,,3954,,,WI
2016 - 2018,55079,2018,2016,26,11,15,,3951,,,WI
2018 - 2020,55079,2020,2018,64,12,52,,3931,,,WI
2020 - 2022,55079,2022,2020,40,26,14,,3889,,,WI
2012 - 2014,55081,2014,2012,0,0,0,,50,,0.0,WI
2014 - 2016,55081,2016,2014,4,2,2,,50,,,WI
2016 - 2018,55081,2018,2016,13,5,8,,51,,,WI
2018 - 2020,55081,2020,2018,2,1,1,,51,,,WI
2020 - 2022,55081,2022,2020,6,3,3,,51,,,WI
2012 - 2014,55083,2014,2012,2,1,1,,38,,,WI
2014 - 2016,55083,2016,2014,0,0,0,,38,,0.0,WI
2016 - 2018,55083,2018,2016,0,0,0,,38,,0.0,WI
2018 - 2020,55083,2020,2018,2,1,1,,38,,,WI
2020 - 2022,55083,2022,2020,0,0,0,,39,,0.0,WI
2012 - 2014,55085,2014,2012,0,0,0,,32,,0.0,WI
2014 - 2016,55085,2016,2014,2,1,1,,32,,,WI
2016 - 2018,55085,2018,2016,4,2,2,,32,,,WI
2018 - 2020,55085,2020,2018,5,2,3,,32,,,WI
2020 - 2022,55085,2022,2020,4,2,2,,34,,,WI
2012 - 2014,55087,2014,2012,2,1,1,,281,,,WI
2014 - 2016,55087,2016,2014,11,5,6,,285,,,WI
2016 - 2018,55087,2018,2016,11,6,5,,290,,,WI
2018 - 2020,55087,2020,2018,6,3,3,,293,,,WI
2020 - 2022,55087,2022,2020,6,3,3,,297,,,WI
2012 - 2014,55089,2014,2012,11,6,5,,373,,,WI
2014 - 2016,55089,2016,2014,4,2,2,,376,,,WI
2016 - 2018,55089,2018,2016,8,4,4,,379,,,WI
2018 - 2020,55089,2020,2018,8,4,4,,383,,,WI
2020 - 2022,55089,2022,2020,2,1,1,,391,,,WI
2012 - 2014,55091,2014,2012,2,1,1,,32,,,WI
2014 - 2016,55091,2016,2014,2,1,1,,32,,,WI
2016 - 2018,55091,2018,2016,0,0,0,,31,,0.0,WI
2018 - 2020,55091,2020,2018,0,0,0,,31,,0.0,WI
2020 - 2022,55091,2022,2020,0,0,0,,32,,0.0,WI
2012 - 2014,55093,2014,2012,0,0,0,,71,,0.0,WI
2014 - 2016,55093,2016,2014,6,3,3,,71,,,WI
2016 - 2018,55093,2018,2016,3,1,2,,72,,,WI
2018 - 2020,55093,2020,2018,9,5,4,,74,,,WI
2020 - 2022,55093,2022,2020,4,2,2,,74,,,WI
2012 - 2014,55095,2014,2012,2,1,1,,48,,,WI
2014 - 2016,55095,2016,2014,2,1,1,,48,,,WI
2016 - 2018,55095,2018,2016,4,2,2,,47,,,WI
2018 - 2020,55095,2020,2018,10,5,5,,48,,,WI
2020 - 2022,55095,2022,2020,8,4,4,,49,,,WI
2012 - 2014,55097,2014,2012,9,4,5,,88,,,WI
2014 - 2016,55097,2016,2014,7,4,3,,88,,,WI
2016 - 2018,55097,2018,2016,5,2,3,,88,,,WI
2018 - 2020,55097,2020,2018,5,2,3,,88,,,WI
2020 - 2022,55097,2022,2020,3,1,2,,88,,,WI
2012 - 2014,55099,2014,2012,0,0,0,,11,,0.0,WI
2014 - 2016,55099,2016,2014,2,1,1,,11,,,WI
2016 - 2018,55099,2018,2016,1,0,1,,11,,,WI
2018 - 2020,55099,2020,2018,2,1,1,,11,,,WI
2020 - 2022,55099,2022,2020,0,0,0,,11,,0.0,WI
2012 - 2014,55101,2014,2012,7,3,4,,587,,,WI
2014 - 2016,55101,2016,2014,4,2,2,,586,,,WI
2016 - 2018,55101,2018,2016,5,2,3,,588,,,WI
2018 - 2020,55101,2020,2018,21,8,13,,589,,,WI
2020 - 2022,55101,2022,2020,9,5,4,,593,,,WI
2012 - 2014,55103,2014,2012,4,2,2,,30,,,WI
2014 - 2016,55103,2016,2014,2,1,1,,30,,,WI
2016 - 2018,55103,2018,2016,2,1,1,,30,,,WI
2018 - 2020,55103,2020,2018,2,0,2,,30,,,WI
2020 - 2022,55103,2022,2020,2,2,0,,30,,,WI
2012 - 2014,55105,2014,2012,4,2,2,,223,,,WI
2014 - 2016,55105,2016,2014,22,11,11,,224,,,WI
2016 - 2018,55105,2018,2016,10,5,5,,225,,,WI
2018 - 2020,55105,2020,2018,17,4,13,,226,,,WI
2020 - 2022,55105,2022,2020,17,13,4,,228,,,WI
2012 - 2014,55107,2014,2012,1,0,1,,16,,,WI
2014 - 2016,55107,2016,2014,3,2,1,,16,,,WI
2016 - 2018,55107,2018,2016,2,1,1,,16,,,WI
2018 - 2020,55107,2020,2018,0,0,0,,15,,0.0,WI
2020 - 2022,55107,2022,2020,4,3,1,,16,,,WI
2012 - 2014,55109,2014,2012,2,1,1,,118,,,WI
2014 - 2016,55109,2016,2014,2,1,1,,120,,,WI
2016 - 2018,55109,2018,2016,0,0,0,,122,,0.0,WI
2018 - 2020,55109,2020,2018,2,1,1,,124,,,WI
2020 - 2022,55109,2022,2020,4,2,2,,128,,,WI
2012 - 2014,55111,2014,2012,7,2,5,,75,,,WI
2014 - 2016,55111,2016,2014,3,2,1,,76,,,WI
2016 - 2018,55111,2018,2016,4,1,3,,76,,,WI
2018 - 2020,55111,2020,2018,1,1,0,,77,,,WI
2020 - 2022,55111,2022,2020,3,1,2,,79,,,WI
2012 - 2014,55113,2014,2012,0,0,0,,13,,0.0,WI
2014 - 2016,55113,2016,2014,0,0,0,,13,,0.0,WI
2016 - 2018,55113,2018,2016,2,1,1,,13,,,WI
2018 - 2020,55113,2020,2018,0,0,0,,13,,0.0,WI
2020 - 2022,55113,2022,2020,0,0,0,,14,,0.0,WI
2012 - 2014,55115,2014,2012,0,0,0,,47,,0.0,WI
2014 - 2016,55115,2016,2014,2,1,1,,46,,,WI
2016 - 2018,55115,2018,2016,4,2,2,,46,,,WI
2018 - 2020,55115,2020,2018,0,0,0,,46,,0.0,WI
2020 - 2022,55115,2022,2020,2,1,1,,46,,,WI
2012 - 2014,55117,2014,2012,10,2,8,,225,,,WI
2014 - 2016,55117,2016,2014,11,4,7,,225,,,WI
2016 - 2018,55117,2018,2016,0,0,0,,225,,0.0,WI
2018 - 2020,55117,2020,2018,6,3,3,,225,,,WI
2020 - 2022,55117,2022,2020,10,6,4,,230,,,WI
2012 - 2014,55119,2014,2012,0,0,0,,21,,0.0,WI
2014 - 2016,55119,2016,2014,3,1,2,,21,,,WI
2016 - 2018,55119,2018,2016,0,0,0,,21,,0.0,WI
2018 - 2020,55119,2020,2018,0,0,0,,21,,0.0,WI
2020 - 2022,55119,2022,2020,0,0,0,,20,,0.0,WI
2012 - 2014,55121,2014,2012,0,0,0,,40,,0.0,WI
2014 - 2016,55121,2016,2014,10,5,5,,40,,,WI
2016 - 2018,55121,2018,2016,6,3,3,,40,,,WI
2018 - 2020,55121,2020,2018,5,3,2,,40,,,WI
2020 - 2022,55121,2022,2020,5,2,3,,42,,,WI
2012 - 2014,55123,2014,2012,4,2,2,,38,,,WI
2014 - 2016,55123,2016,2014,5,3,2,,38,,,WI
2016 - 2018,55123,2018,2016,0,0,0,,39,,0.0,WI
2018 - 2020,55123,2020,2018,6,2,4,,39,,,WI
2020 - 2022,55123,2022,2020,7,3,4,,39,,,WI
2012 - 2014,55125,2014,2012,0,0,0,,25,,0.0,WI
2014 - 2016,55125,2016,2014,0,0,0,,25,,0.0,WI
2016 - 2018,55125,2018,2016,6,3,3,,25,,,WI
2018 - 2020,55125,2020,2018,4,2,2,,26,,,WI
2020 - 2022,55125,2022,2020,0,0,0,,27,,0.0,WI
2012 - 2014,55127,2014,2012,2,1,1,,185,,,WI
2014 - 2016,55127,2016,2014,6,3,3,,186,,,WI
2016 - 2018,55127,2018,2016,0,0,0,,185,,0.0,WI
2018 - 2020,55127,2020,2018,12,6,6,,186,,,WI
2020 - 2022,55127,2022,2020,6,3,3,,191,,,WI
2012 - 2014,55129,2014,2012,3,2,1,,20,,,WI
2014 - 2016,55129,2016,2014,0,0,0,,20,,0.0,WI
2016 - 2018,55129,2018,2016,1,1,0,,20,,,WI
2018 - 2020,55129,2020,2018,2,1,1,,20,,,WI
2020 - 2022,55129,2022,2020,3,2,1,,21,,,WI
2012 - 2014,55131,2014,2012,2,1,1,,308,,,WI
2014 - 2016,55131,2016,2014,6,3,3,,310,,,WI
2016 - 2018,55131,2018,2016,4,2,2,,312,,,WI
2018 - 2020,55131,2020,2018,6,2,4,,315,,,WI
2020 - 2022,55131,2022,2020,7,4,3,,317,,,WI
2012 - 2014,55133,2014,2012,11,4,7,,714,,,WI
2014 - 2016,55133,2016,2014,15,7,8,,719,,,WI
2016 - 2018,55133,2018,2016,22,11,11,,726,,,WI
2018 - 2020,55133,2020,2018,49,18,31,,732,,,WI
2020 - 2022,55133,2022,2020,21,13,8,,737,,,WI
2012 - 2014,55135,2014,2012,9,5,4,,70,,,WI
2014 - 2016,55135,2016,2014,14,7,7,,70,,,WI
2016 - 2018,55135,2018,2016,7,3,4,,69,,,WI
2018 - 2020,55135,2020,2018,11,5,6,,68,,,WI
2020 - 2022,55135,2022,2020,1,0,1,,69,,,WI
2012 - 2014,55137,2014,2012,0,0,0,,39,,0.0,WI
2014 - 2016,55137,2016,2014,0,0,0,,39,,0.0,WI
2016 - 2018,55137,2018,2016,2,1,1,,39,,,WI
2018 - 2020,55137,2020,2018,1,1,0,,39,,,WI
2020 - 2022,55137,2022,2020,0,0,0,,39,,0.0,WI
2012 - 2014,55139,2014,2012,0,0,0,,388,,0.0,WI
2014 - 2016,55139,2016,2014,7,3,4,,390,,,WI
2016 - 2018,55139,2018,2016,20,10,10,,391,,,WI
2018 - 2020,55139,2020,2018,19,7,12,,393,,,WI
2020 - 2022,55139,2022,2020,19,10,9,,394,,,WI
2012 - 2014,55141,2014,2012,1,0,1,,94,,,WI
2014 - 2016,55141,2016,2014,4,2,2,,93,,,WI
2016 - 2018,55141,2018,2016,5,2,3,,92,,,WI
2018 - 2020,55141,2020,2018,4,3,1,,92,,,WI
2020 - 2022,55141,2022,2020,0,0,0,,93,,0.0,WI
